0.24835708 -0.069132151 0.32384427 0.76151493 -0.11707669 -0.11706848 0.78960641 0.38371736 -0.23473719 0.27128002 -0.23170885 -0.23286488 0.12098114 -0.95664012 -0.86245892 -0.28114376 -0.50641556 0.15712367 -0.45401204 -0.70615185 0.73282438 -0.11288815 0.033764102 -0.71237409 -0.27219136 0.055461295 -0.57549679 0.18784901 -0.30031934 -0.14584687 -0.30085331 0.92613909 -0.0067486124 -0.52885546 0.41127246 -0.61042182 0.1044318 -0.97983506 -0.66409302 0.098430618 0.36923329 0.085684141 -0.057824141 -0.15055185 -0.739261 -0.3599221 -0.23031939 0.52856111 0.17180914 -0.88152008 0.16204198 -0.19254114 -0.338461 0.30583814 0.51549976 0.46564006 -0.41960876 -0.15460619 0.16563172 0.48777256 -0.23958712 -0.092829488 -0.55316749 -0.59810331
0.40626291 0.67812001 -0.036005061 0.50176645 0.18081801 -0.32255988 0.1806978 0.76901828 -0.01791302 0.78232183 -1.3098726 0.41095125 0.043523534 -0.14950368 0.045880388 -0.99378446 -0.10983594 0.17855629 0.73894702 -0.25913511 -0.4042468 -0.25087852 0.45770106 0.16437555 -0.2648801 0.25663372 0.048538775 0.4843225 -0.35102655 -0.16383107 -0.19605408 -0.73175747 0.14806014 0.13052764 0.0025567283 -0.11729357 -0.70768537 -0.21032266 -0.17135726 -0.40113863 -0.080642856 0.20202543 0.94309295 0.087288906 0.1287752 -0.037222958 -0.95938561 -0.013256938 0.030115105 1.2316211 -0.096180482 0.15077367 -0.017355885 -0.58433902 0.57141141 0.37596652 0.39551597 -0.45469373 0.70139716 -0.70092553 0.29342855 1.0952278 -0.49526816 -0.28314886
0.049825683 -0.25173783 -0.77533172 0.034281487 -0.53115186 0.23679622 -0.45971212 0.7749672 -0.39162665 -0.16103076 0.40675861 -0.61543216 0.11372997 0.65357138 -0.80374162 0.092316929 0.1299414 0.39091144 -0.61847536 -0.66022831 0.26097078 0.14849234 0.12524643 0.1732241 -0.34001236 0.11612685 0.14653624 -0.35717571 0.93288726 0.23691646 -0.59565175 0.3282768 -0.48734084 0.3935423 0.57929779 -0.41034116 0.48168806 0.20639046 0.41103008 0.94839649 -0.12269406 -0.37686808 -0.44475721 -0.40790514 -0.038550855 0.17057599 0.1383454 0.41359162 0.0065009459 0.72676704 -0.13232842 1.3600846 0.31283367 -0.42857878 -0.53544625 0.24123621 -0.11173139 0.35700025 0.23661881 -0.036414456 -0.42339686 -0.75742361 -0.22325748 0.4281994
0.10704687 -0.62286939 0.086590463 0.19265869 -0.44192872 0.076862553 0.029104359 -0.57148515 0.17889368 0.28039226 0.54152562 0.52690103 -0.68883468 -0.46891252 0.25751763 0.25689298 0.25752384 1.9263657 0.28544526 0.56778282 0.47700088 0.32569563 -0.15763462 0.37948461 -0.38641261 -0.1184093 -0.24268177 0.04093707 1.1573293 -0.9336326 0.3431301 -0.80635794 -0.23596593 0.5444753 0.03214001 -0.53887239 -0.35765185 0.33979887 -0.36518332 0.10822929 0.02278592 -0.32580017 1.071972 0.31695951 -1.0125713 0.093227157 -0.33089323 0.42621667 -0.39626037 -0.057368221 0.25249364 0.4328776 -0.6001482 -0.16725062 -0.23747266 -0.32666462 0.88272712 0.20249086 -0.63044198 0.45893097 1.0610781 0.51623263 -0.75968498 -0.24211704
0.63345557 -0.35383473 0.22190971 0.38731703 -0.46346524 -0.029762678 -1.6206337 -0.51219382 -0.12628408 -0.62389159 0.81620565 -0.71507069 -0.22002224 0.065370289 0.72063664 -0.71793108 0.58158188 0.0051165305 -0.49075433 0.23105174 0.099529848 -0.30010844 0.034901042 -0.1926568 0.056758673 0.33106534 0.79300841 -0.61890775 1.0665167 -0.9760439 -0.075892548 0.2941586 0.14049593 -0.31134976 -0.10406113 -0.24650047 -0.29468238 0.42480105 0.17850774 -0.3464548 0.44979994 0.15364976 0.40643106 0.31481442 -0.41449751 -0.28009052 0.3736468 0.30518513 -0.010450797 0.058663692 0.63883245 -0.29578569 0.27354869 -0.10109633 -0.1088406 0.54938843 0.41270817 0.40675482 0.6527394 0.010501921 0.34097649 -0.15513338 0.16208318 -0.065071527
0.048497982 0.29757851 -0.40911034 1.0461936 -0.50300869 -0.60709431 0.57905544 0.39583135 0.31205991 0.31417275 -0.0061233864 -0.44862719 0.037902279 -0.33858086 0.48755987 -0.073528691 -0.4127486 -0.16069292 0.20646573 -0.28186228 -0.4111102 0.12184361 0.12248329 -0.25347159 -0.23551915 0.11602497 -0.72404217 -0.70373189 -0.35922211 -0.10672358 0.15545378 0.73767811 0.42882981 -0.079969265 -0.009508104 -0.50126468 -0.009256568 -0.14432932 0.16135928 -0.41361547 0.25967326 0.76636946 -0.054380074 0.20085586 0.345072 -0.20061024 0.11204624 0.0062962004 0.048838049 -0.38650489 0.012255087 0.24899915 0.7255718 0.47963541 1.0765912 -0.38367378 0.43616032 0.091671003 1.0949015 -0.40414914 -0.41986092 -0.29969632 -1.0619479 -0.26287751
-0.37956633 0.075196893 0.17087799 0.93808542 0.47521192 -0.28845183 -0.44920734 0.24595959 -0.6601166 0.91572938 0.58972006 -0.23458783 -0.85656726 0.67693619 -0.057269923 0.61890816 -0.79721383 -0.29968751 0.0026218499 0.023490297 -0.22503274 0.31142497 -0.53381021 -0.071189743 0.060147816 0.25721942 0.35580744 -0.56232105 -0.76705709 0.63883841 0.16615701 -0.37424327 0.77557599 0.057837317 0.58964859 0.033759241 1.030374 0.87767042 -0.12448207 0.48578548 0.32268797 0.68431578 -0.48246173 0.34302573 0.52921224 -0.87936974 -0.59162926 -1.0196161 -0.13470342 0.35877113 0.75117853 0.03704739 0.81430777 -0.69005073 -0.85169122 -0.027773849 0.19203272 -0.016347374 -1.0337211 -0.04456002 -0.65223475 0.33483627 0.18329912 -0.46993989
-0.25693346 -0.52960676 -0.031339549 0.47757116 -0.49286302 0.25202326 -0.26512881 -0.39643642 -0.05351518 -0.51762116 -0.27682465 -0.59893895 0.98236257 0.017631776 -0.34986275 0.10698996 -0.056164025 -0.1104848 0.30708335 0.37875386 -0.26525057 -0.28790912 -0.13752585 -1.1509606 -0.75759553 0.68343713 0.82248386 -0.12451802 0.28827848 0.15562508 1.5394404 0.55978746 -0.063958796 -0.47777022 -0.80322316 0.10173182 -0.37817537 -0.71112685 -0.32328644 -0.540774 0.84357082 0.44081988 -0.0039863207 0.73997207 0.038684154 -0.4306421 0.76156204 0.26945502 -0.51862308 -0.095169339 -0.43780913 -0.69139987 0.46308877 0.95470832 -0.69928379 0.28148462 -0.32532128 -0.24356269 -0.29619696 -0.43199538 0.024260814 -0.41547506 0.13522841 -0.025119055
-0.11947402 -0.45378183 -0.28838567 0.37769561 0.25045859 -0.48877762 0.049666153 0.37569356 -0.83470264 0.2716801 -0.33131188 0.28529933 -0.38162958 -0.90244105 -0.81377122 0.024042473 0.12986125 -0.45215831 0.31929623 -0.83076003 -0.033039899 -0.6055081 -0.32591805 0.023699336 -0.43020668 -0.19227777 0.5031464 -0.28844593 0.41784606 -0.56485343 0.26490209 0.72078431 -1.2358223 -0.39844763 0.28853606 -0.10152269 0.18557294 -0.30199259 0.043294894 -0.077838618 0.58389103 0.12721042 0.16880133 -0.20593848 -0.24380311 -0.21627909 0.19722607 -0.21049224 0.14488743 1.0377004 0.43556235 -0.16301177 0.60060696 -0.20403769 -1.0190623 -0.50404316 -0.93539596 -0.17575674 0.0092091896 0.83821866 0.16346369 -0.10955026 0.41470279 -1.1055677
0.11780728 0.3854326 -0.73929312 0.57187702 0.1692482 -0.20764396 0.31639093 1.1353464 0.090933128 0.12411029 -0.22968045 -0.42492218 0.41516791 -0.42804191 0.035783119 -0.23882872 0.23948991 0.16683105 0.51876997 -0.2550082 -0.13493747 -0.48938186 -0.22214663 0.18865025 0.37849431 -0.46108266 0.43480296 0.67781893 0.20671745 0.93839791 -0.3868946 -0.62232735 -0.88936012 0.74802216 0.32718283 -0.027792335 0.13998431 -0.56274452 1.222876 0.064610591 0.054697397 0.36288331 0.24050462 0.11194201 -0.39523723 0.23573418 0.94101225 0.67271002 0.79659331 -0.25560784 -0.49480241 -0.06289346 0.027862456 0.54709576 -0.84623231 0.76477516 -0.079003949 -0.21344053 -0.50605219 -0.82742834 0.41158529 0.036658984 -0.64498045 -0.64753939
-0.16789235 0.83451076 -0.12979568 -0.75157148 -0.12287153 -0.13636178 -1.3484433 -0.027147433 -0.11546727 0.34810318 0.92447805 0.56328251 -0.13444435 -0.55326295 1.2866799 0.029609217 0.006964646 -0.012062544 0.09904238 -0.072180206 -0.286831 -0.27342947 -0.016376635 -0.27171239 -0.35642289 0.053215114 -0.12748861 0.75199649 -1.3254849 0.54575343 0.6230426 -1.0366951 -0.1713438 -0.18572043 -0.70375585 -0.38890834 -0.55528792 0.87613522 0.4678392 0.63577755 0.36083603 -0.56452589 -0.26226013 0.24468728 -0.6110639 0.35649922 -0.1201627 -0.1874104 0.35547998 0.22213166 -0.18048308 0.5796649 -0.54053166 0.3079678 0.29655063 -0.15477322 0.16306651 -0.62555679 0.46201351 -0.092451068 -0.26136151 0.52450461 -0.35217185 -0.70423065
-0.77831459 0.30300498 -0.64021468 0.87739709 -1.0409647 0.84822818 0.10550873 -0.048356556 -0.27245954 0.19956806 -0.018817351 0.55165094 0.057113824 0.075150881 -0.18180611 -0.028472812 0.15390088 -0.8550842 -0.67409271 0.37163205 0.085432719 -0.091991668 0.0092169665 0.17379085 -0.26987984 -0.38915236 0.097922628 -0.48918639 0.20412638 -0.8512918 0.51457782 0.23629874 0.12801487 0.49134549 0.83273722 0.50718503 -0.92043712 -0.63978848 -0.31240929 0.013045525 0.25882951 -0.36287191 0.093383382 -0.37769147 -0.3057589 -0.70333055 -0.46161662 -0.6758423 -0.48793663 0.5268209 -0.47469944 1.316191 0.24665895 0.092418062 -0.42917889 0.35015494 -0.28781891 0.061004907 1.2800423 -0.04802995 0.57463666 -0.35158821 -0.017494245 0.88540032
-0.31348353 0.90622428 0.35387597 -0.28123339 0.31620387 0.48627722 0.31090498 -0.78511236 -0.36356859 -0.12375932 -0.037216715 0.31033605 0.0888505 -0.66767218 0.19009893 0.30529287 0.27989522 0.54039036 0.41696108 0.22959004 -0.035082856 -0.83048047 0.21480911 0.10384384 0.13578942 -0.63837429 -0.54052827 0.52657643 -0.019777577 0.34075035 0.014159188 0.01487807 0.4691419 -0.25802236 0.048060388 -0.23113764 -0.21724811 -0.15458606 0.11106689 -0.23937431 0.62787806 -0.44730365 -0.093435822 -0.21986553 0.72348894 0.098277388 0.51592227 -0.74278019 0.13352513 0.4448154 0.041141995 0.53274019 -0.25864423 0.70467372 1.1494491 -0.18141928 -0.22275126 0.72669224 0.78978607 -0.26143001 -0.21009341 -0.1408923 -0.67222526 -0.45932597
-0.50207038 -0.38389878 -0.017342444 0.11710737 0.77525025 -0.49917702 0.4921612 -0.10699442 -0.024731855 0.33740975 -0.56136101 0.19120487 0.083226104 0.24622563 0.14458432 1.2276501 -0.31886999 -0.26549848 -0.31157026 -0.27773856 -0.31869356 0.59450827 0.71025212 -0.28537315 -0.41617779 0.23570778 -0.27611152 0.31646591 0.10146151 -0.75787206 0.7737526 0.89793884 -0.30639435 -0.19385078 0.1429327 0.16722839 0.32927214 1.0051023 -0.088473614 -0.39914862 -0.68965961 -0.36546502 -0.016563486 0.89727893 -0.25880565 0.11189398 -0.008211448 0.59419664 1.2634662 -0.26543439 -0.24471972 0.52208044 0.34094574 0.92335366 0.29196409 -0.17964605 0.29532742 0.55435179 0.41024109 0.25363702 0.53333734 0.5846478 0.6910795 0.32435494
-0.08355904 0.073356843 0.60325448 -0.40846784 0.18433665 -0.19666941 0.014372411 0.63922593 0.095549534 0.023218274 -0.67992807 0.37312678 0.32274209 1.0816274 -0.15388912 0.10957516 0.12469184 0.78872664 -0.047647766 0.13951076 0.30394825 0.093304562 -0.22321681 0.097044996 0.53681587 -0.51325765 0.066484837 -0.35006041 0.59752331 -0.76159345 -0.27946092 0.18860594 0.78276201 -0.032875131 -0.27759976 0.94057853 -0.72400695 -1.099403 0.22000723 -0.25102711 -0.51061641 0.35417822 0.12190036 -0.28203932 -0.6401522 0.43622866 0.32510059 -0.049587932 0.9233185 -0.53504238 -0.76276259 -0.34595403 -0.022793008 0.12166972 -0.12061803 0.1760277 -0.62576971 0.7218823 -0.041075589 0.55864792 0.17136267 0.22837661 0.28488364 0.22385428
0.32136138 0.66457627 0.098260585 0.35450188 -0.044867847 0.72005861 -0.33819615 0.90047022 -0.020078975 -0.71538755 0.064052207 -0.34052583 0.42032177 -0.32631199 -0.22309172 -0.94477037 -0.22615316 -1.2119397 -0.79195141 0.38020733 0.39290008 0.21272878 -0.48348807 -0.023855678 -0.0018012695 -0.57918234 0.75169915 0.43868115 -0.11048209 0.013442919 0.1041914 -1.0208674 -0.12358869 -0.34099212 -0.50081 -0.14055015 0.89884326 0.32042143 -0.28558949 0.28629139 0.69967772 0.46231684 0.029815185 -0.32346839 0.34911166 0.19674269 0.44759661 0.3175859 0.52477636 -0.26761761 0.65869703 0.098799802 1.0376304 -0.34459391 0.8679819 0.098955392 -0.325709 -0.24194292 -0.16017365 0.21208297 0.26141774 -0.28685 -0.012177296 1.0711352
0.86377159 0.21816183 0.019001739 0.060015663 0.30675899 -0.51139628 -0.12868827 -0.83429204 0.19961156 0.32359797 -0.24159323 0.78699338 -0.61288283 -0.73218744 0.11222591 0.52354915 0.84196385 -0.22944213 0.53934042 -0.019254235 -0.08631365 0.44182997 0.32616144 -0.78819608 0.73827017 0.69004568 -0.31278135 0.19790177 0.24701509 0.13033688 -0.27515258 -0.33581168 -0.012777035 0.58636451 0.27180008 -0.18530717 0.38584936 -1.4242713 0.57438285 -0.86985689 -0.18122047 -0.55983495 -0.64734074 0.58041339 -0.2338506 0.17325194 -0.023460289 0.23852041 0.038410946 -0.64149611 0.49813341 -0.24687829 -0.77829095 -0.21405758 0.7503799 0.42511087 -0.17432607 -0.17462885 -0.16081753 1.038374 0.19096773 0.21502082 0.51514173 0.11939458
-0.12952107 -0.098174925 -0.03580063 -0.018611118 0.36381477 0.025972943 0.36632004 -0.04035829 0.039317595 -0.99910034 0.45816384 0.17324424 0.49900505 -1.4481277 1.0441874 -0.069794814 0.55409141 -0.51995296 0.30638695 -0.52670778 -0.31188448 0.95701568 -0.0953412 0.10871644 0.43503387 0.24784094 0.075209453 0.1824805 1.2017078 -0.028809399 0.10054952 0.5253272 0.55276297 0.59351515 0.31936511 -0.57150246 0.81671577 -0.5731727 0.15131773 -0.37713793 -0.032069173 0.16438121 0.16067861 0.21096038 0.80685563 0.22676715 -0.12207832 0.48204358 0.59473524 -0.61380391 0.29870003 0.35058637 -0.14878175 0.68785341 -0.075027794 0.062788227 -0.086535912 0.0077895238 -0.54813754 -0.72002544 0.79725253 -0.42348067 -0.49569617 -1.0766951
-0.31948087 -0.6615449 0.82100758 0.50490854 -0.34407517 1.1262179 0.49088274 -0.16241569 -1.2497029 1.1454713 -0.69478623 -0.82269937 0.51128522 1.2198762 0.69213641 0.28195456 0.29737717 0.42670778 0.37946429 0.14059571 0.052100552 -0.031296564 -0.37698229 -0.14033754 -0.84647841 -0.049169813 -0.49429555 -0.55179466 0.089947076 0.69600114 0.4591583 -0.7852503 -0.49481407 0.47038559 -0.4912437 -0.11231657 0.27502605 -0.48417223 0.052687753 -0.66701275 -0.30068382 0.15989097 -0.79649687 0.22023737 -0.0098188995 0.27624498 0.11195707 0.68207021 0.062612251 -0.21470277 0.061148752 0.27164901 0.024430035 0.020295846 -0.35099584 -0.33145046 -0.70130264 0.87478837 -0.62193162 -0.3464526 -0.35920363 0.44746219 -0.14747484 0.62387104
-0.33674531 0.13949708 -0.41767353 1.0725746 -0.59379921 0.15491036 0.31688844 0.20689955 -0.092643829 -0.06491035 0.021905736 -0.073501001 0.48193956 1.1052615 -0.27874589 -0.68490149 -0.044141024 1.2898547 -0.40183728 0.8195584 0.83885041 -0.27679412 0.28449154 0.81419831 -0.18956387 -0.10179018 -0.29084046 -0.50737837 -0.32463877 -0.61197013 0.017041734 -0.38498662 0.11689296 -0.77794782 0.16544012 0.41676448 -0.99686782 0.18702828 0.6138345 -0.60482051 0.83628619 0.2095095 -0.35250593 -0.027884539 0.27916346 0.038002696 0.269378 -0.4603368 0.084680412 -0.70685725 -0.055613031 -0.45195382 -0.36776497 0.61804659 0.54565506 0.30456906 -0.54615638 -0.15820422 0.60654885 0.070858457 1.1596648 0.19665892 0.096024558 -0.15455823
0.066770452 -0.076234918 0.35405434 0.47835116 -0.39299473 -0.66561648 -0.91810269 0.25399566 -0.5516833 -1.0764453 0.1942893 1.2464998 -0.0030354558 0.41924539 0.040914679 -0.049444827 0.45953824 -0.14513727 0.13369616 0.1608489 -0.33404523 0.49602117 -0.087479878 -0.37787258 0.26825492 -0.44923399 0.014090579 -0.0045594983 0.54294778 0.23734912 -0.012513479 0.40888315 0.69510377 0.27890515 0.0051763099 -0.65591812 -0.53255683 -0.15261235 -0.3047561 -0.093485651 0.028324962 0.26484638 -0.035249389 0.24325082 0.032237207 -0.98773328 -0.4696677 -0.072043778 -0.60484737 0.29996436 0.76537542 0.60938093 -0.10672144 0.74536307 0.074333729 -0.16854299 -0.30670133 -0.15123484 -0.19408841 0.085208111 0.080286991 0.0015230101 0.21846908 0.59532314
0.47477707 -0.74244898 -1.2769606 0.46715996 -0.68343935 -0.1123827 -0.58505651 -0.90099022 0.27073136 0.37957758 -0.2882552 -1.2955211 -0.27312222 0.195902 -0.73945578 0.09167996 -0.0076549246 0.28964575 0.059790184 -0.48653447 0.59828575 -0.079264787 -0.01365227 -0.46663398 -0.22164113 -0.44240136 -0.08647303 0.85585424 -0.68595057 -0.8067807 0.73558516 -0.10466184 -0.33453637 0.51995234 -0.30280777 0.91300486 0.33896294 -0.2439557 1.0786541 -0.30285746 0.37104769 0.14964629 0.65087064 0.7807556 0.016002075 -0.37670894 0.22998607 -0.33885768 1.0066936 0.068267666 -0.18266078 0.092340153 -0.67356314 -0.48580702 0.60020695 -0.32844714 -0.52345549 0.26832638 0.59285208 0.35947666 0.49802384 -0.37839754 -0.71090533 0.75066683
-0.16133992 -0.12541651 0.66409707 0.278115 0.22794389 1.0825012 -0.32175912 0.46392006 0.028506562 0.13429614 0.76423421 0.25391788 0.26914804 0.53625367 -0.18247636 -0.41960483 -0.5224046 -0.98317829 1.0281036 -0.55160418 -0.11062681 -0.13840665 0.15370335 0.40786861 0.43023674 -0.29153872 -0.083560857 0.14128998 -0.12434556 0.80367279 0.24548748 0.36743889 0.33144063 0.58673693 0.090510779 -0.64841597 0.19984398 -0.32567845 -0.26430834 0.29318201 0.61914154 0.010635788 0.15441651 0.85110747 0.12037659 1.3008416 0.28275482 -0.88038138 0.37667081 0.19057919 0.64487638 0.33659068 -0.069227992 -0.61214912 -0.10451163 -0.42526023 -0.29026172 0.2942892 0.83495225 0.19733576 -0.59794153 0.22230133 0.59831574 -0.30489145
-0.067008583 0.0073440974 -0.39244916 0.32414022 -0.060474074 0.20976622 -0.44374609 -0.21872915 0.36119068 -0.18641658 0.86348193 -0.19981809 0.11234236 0.46629542 -0.70918287 -0.88040441 -0.76282816 0.63129205 -0.27592907 1.2790996 -0.2821238 0.092275652 0.77105498 1.0030464 1.0307518 0.60418312 0.51203126 0.29626347 0.38918054 -0.27559286 -0.40909944 -0.0016872287 -0.085092311 -0.22661402 0.34819372 0.4776526 0.044203443 0.73876504 -0.57084456 -0.09682973 -0.35841116 -0.93326831 -0.041340343 -0.060873754 0.75672487 0.31540584 -0.51209341 0.92704628 0.61051685 0.29104885 -0.11324205 -0.47971962 -0.18610339 0.54437431 0.94229315 0.77162176 -0.24442471 -0.55980872 0.070443123 -0.88421968 0.16158386 -0.073801293 -0.23301825 -0.79735153
0.25680005 -0.26635042 -0.58495842 -1.4361311 -0.013757453 0.8861258 0.83062961 -0.22854813 -0.30110603 0.23438713 -0.49919272 0.15089595 0.38304014 0.61346661 -0.050077038 -0.10183688 -0.43899129 -0.41344018 -0.11323945 0.18368275 0.45679231 -0.40158948 0.74634428 -0.1355618 -0.010683647 -0.37360584 -1.2121201 0.4420227 0.36842195 -0.14066378 0.033495359 0.25796961 -0.78127293 -0.26452634 0.39713234 -0.62714471 0.14677897 -0.6782909 0.23321499 -0.017820741 -0.80756591 0.58236968 -0.36729579 -0.40512622 0.1002846 0.57431867 -0.50791091 0.030839925 0.21440825 0.3465528 0.088220778 -0.18351392 -0.41379511 0.043071942 -0.53606951 -1.4606752 0.2182799 0.45196742 -1.1814662 -0.50486535 0.30957713 1.0287477 0.010396854 -0.36400147
-0.091448221 0.68743821 -0.32298209 -0.399596 -0.24137176 -0.4766643 0.061335158 0.81233923 0.16153964 -0.12617675 -0.14590563 -0.7815954 0.44155489 -0.038918599 -0.090239957 1.5965538 0.14937645 -0.37589553 -0.2131788 0.57422285 0.056635205 -0.71913899 0.45961447 -0.33407204 0.93664889 0.54002403 -0.22366095 0.64050818 0.033927755 0.42638684 0.24236641 -0.42317833 -0.32177492 0.51498041 -0.16738767 -0.20182423 -0.47756129 0.21179953 1.0312625 -0.53376646 0.012109728 0.70611028 -0.039820696 0.2261859 -0.53119676 0.21415355 -0.093572133 0.492865 0.59369303 1.2947818 0.28981659 0.16289816 0.097192151 -0.17658315 0.16924192 -0.14770071 0.084230488 0.65879877 -0.50327128 0.56993928 0.65855753 -0.059034263 -1.0609274 -0.30391099
0.64849727 -0.011434031 -0.49965112 -0.25238746 0.42031001 0.27336678 -0.11946605 -0.18341221 -0.19587907 -0.46120509 0.80768784 -0.16116023 0.60857926 0.76065803 0.49915545 -0.21581016 0.20186505 -0.012097803 -0.45185093 0.16217964 -0.5895199 0.59383969 -0.23230865 0.10057983 0.14164394 -0.12945249 0.2933469 -0.23745183 0.43564865 -0.67298984 0.06318979 0.9694645 -0.50016566 -0.33887249 0.25695392 0.089790891 0.17531505 0.24459357 0.31736073 0.55484992 0.20490933 -0.12062883 0.33628685 0.94994097 -0.066316873 -0.48726465 0.55354033 -0.060190582 -1.0863348 0.42371084 -0.26766409 -0.045266641 0.16599017 0.09524984 0.35472591 -0.21774319 0.2565529 -0.12977334 0.36940524 0.30768374 -0.46771935 0.54299106 -0.26798172 0.4040289
0.18364366 0.91909184 -0.11173299 -0.1746584 -0.0097098029 -0.15158989 0.39997095 -0.8081553 -0.52684121 -0.53390146 0.4751538 0.85530669 -0.052224609 -0.084410862 0.035026082 0.58093915 -0.46367657 0.11918449 0.48759881 0.25054708 0.094790808 0.50052305 -1.3516161 0.33893766 -0.32703784 -0.91531645 0.2556013 0.68682927 -0.068724257 0.47643727 0.80613913 0.65745723 0.81998226 0.37106375 0.037716819 -0.80098291 -0.12303124 -0.4216233 1.0854714 -0.087942906 0.061602403 0.27574269 0.021801223 0.84752552 -0.31132468 0.097303728 -0.37123529 -0.66001126 -0.30588455 -0.018518399 -0.21465111 -0.34621049 -0.70315873 -0.041552786 -0.75236019 0.38002798 0.041219876 -0.72877575 -0.15460454 -0.3760782 0.15958726 0.67022522 -0.93758623 0.05751304
-0.080066398 0.33567004 0.10659831 -0.37598467 -0.15952697 -0.39801293 0.53800357 0.010655824 0.95059534 -0.030330407 -0.35420338 -0.7568572 -0.90156984 -0.79206797 0.13356333 0.25436251 -0.79059535 0.44751916 -0.24153053 0.073396506 0.80611031 0.44841966 -0.13426532 -0.44559611 -1.0759077 -0.35957666 -0.10556512 -0.49358976 -0.065628484 0.038425941 -0.11242799 -0.32500129 0.084327336 0.22097032 -0.54519954 0.70546619 -0.049294066 0.0094248115 0.35410721 0.11660807 0.47656832 0.14356208 -0.30621869 0.18075176 -0.5718631 0.054279853 -0.016614995 -0.10405843 -0.064268756 -0.94092452 -0.27436245 0.046422451 0.079928196 -0.51383757 0.63285392 -0.43308742 0.4847286 0.21359718 -0.32311365 0.88765545 -0.59681842 0.45957709 0.50029116 -0.3353101
0.69623265 -0.12502326 0.14434681 0.13016092 -0.067154371 0.40540414 0.39674436 -0.87426599 0.65217012 -0.83124599 0.5162731 0.56335257 -0.54548322 -0.20540714 -0.55285233 -0.10746052 -0.15401714 0.38983027 0.65515437 0.69784191 -0.28108401 -0.10461094 -0.8417191 -0.40293503 0.48242582 0.80779141 -0.61717444 -0.29623213 -0.013202878 0.14008058 -0.40480176 0.21203052 -0.23691967 -0.0072261354 0.27314212 0.0032111349 -0.21819295 -0.054804902 -0.04418148 -0.18500551 -0.12939803 0.79932359 0.28045972 -0.14774016 0.3484772 -0.16690974 0.58656232 0.1848211 -0.053651072 0.22385846 -0.78543808 -0.56338373 -0.5969625 0.071471547 0.8662575 1.1156501 0.31902555 0.25042224 -0.90052887 -0.2713369 -0.39389188 -0.3104238 -0.084071909 -0.23604529
-0.98964991 0.37395513 -0.53637151 0.11962343 1.0370413 -0.4596923 -1.2651438 -0.14300211 0.55047982 0.97917373 -0.6147748 0.24834961 -0.23265523 -0.052974177 1.3221717 -0.75148516 0.12686983 0.23384659 0.54289316 0.048991577 0.15402527 -0.19582428 0.13456347 -0.17159614 0.31078594 -0.18480517 0.1885502 -0.014631407 0.56302513 -0.025696862 -0.88651623 0.63096075 -0.45286615 -0.32688317 -0.29783065 0.68721905 -1.0678371 1.5688743 0.5280284 0.11161946 -0.027447 0.14277704 0.26056121 0.32260779 0.27780223 0.044790341 -0.09866921 -0.075636642 -0.09745414 0.56688505 0.29677836 -1.4701943 0.32795039 0.097368097 -0.0093543782 -0.19425923 0.56205636 0.47376323 -0.38643883 0.20352614 -0.48582837 -0.68980908 -0.31335861 0.43119674
0.47656252 0.25654271 0.36254789 0.25808914 -0.3207408 0.21596127 0.40020476 0.37714566 0.59445669 0.35415192 0.1757241 0.53507512 -0.01326063 -0.44093733 -0.081533482 -0.37245132 -0.33758914 -0.072259335 -0.39620996 -0.15398076 -0.94680733 0.10664685 0.00060273768 -0.40854432 0.32962283 0.46878507 -0.80377993 -0.38136239 -0.38457117 -0.46995155 0.41473742 -0.096913069 -0.13225742 -1.0019312 0.31770902 -0.6196292 0.029966315 0.13868847 0.6803293 -0.6544102 -1.5097561 0.091924772 0.90025559 0.61947318 0.10482971 -0.24581809 0.4035613 -0.4867731 0.23817888 0.25273508 0.53010495 1.37983 0.19620798 -0.25448181 -0.012787156 -0.88453795 -0.34735657 -0.20464122 -0.2620442 0.076177436 -0.41120997 0.56051533 0.00010353246 -0.0046501606
-0.16394736 0.077595342 0.41254913 -0.43356511 -0.32905824 -0.15186301 -0.67293546 -0.40962893 -0.23811044 0.43719459 0.13128066 0.096794956 0.42544898 -0.068685894 0.19523242 -0.051610876 0.13268117 -0.29137933 -1.2194086 -0.067139581 0.71137407 0.4631077 0.48269874 0.61806536 0.044328795 0.098657854 -0.30882595 -0.15803643 0.30788557 0.60194222 -0.069723138 -0.22509463 0.00026397943 0.30060337 -0.72192741 -1.1480905 -0.27526842 -0.61035621 -0.2540701 -0.073890159 -0.2266242 0.72623377 0.16337238 0.15023718 0.31110357 -0.56941656 0.51955589 -0.037882143 0.33524031 -0.53592862 -0.77687938 0.40894483 0.18820476 -0.45102578 -0.43483154 0.56271739 -0.59470595 0.82133648 -0.45031037 0.31919596 -0.16430924 0.30159372 -0.272057 -0.081396453
0.020459588 -0.50109373 0.37041217 -0.25660678 -0.11429996 -0.49717469 -1.2811668 -0.095513881 1.2063077 0.39230214 -0.0096301899 -0.13144541 0.011232946 0.27355956 -0.59040641 0.55716085 0.35769066 0.35909286 0.21923787 0.0098083288 0.33643062 0.29590707 -0.17702036 -0.28680089 0.050928148 0.77451008 -0.61955354 -0.73376263 0.082380421 0.025443851 0.086670832 0.1219766 -0.11160113 0.74493172 -0.80045199 -0.41424851 -0.05162738 -0.82159441 -0.087927202 0.83073508 0.010443244 0.11535045 -0.63008238 -0.3081807 -0.18759819 -0.15885755 0.6408219 0.27884553 -0.55572898 0.12325239 0.24911087 0.57007452 0.79027034 -0.5075471 -0.40542876 -0.62878893 -0.11700993 0.23317919 0.49366726 -0.037975512 -0.15992376 0.075878996 -0.41757145 1.0447694
-0.80383051 0.092370289 1.0118031 0.0033999223 -0.095019518 -0.17872271 -0.090195841 0.68642424 -1.105931 0.76671685 -0.71197858 -0.13332616 -0.21462221 0.29427663 -0.79906218 0.23108633 1.0121548 -0.681587 0.094853084 -0.33099109 0.2129436 0.0095738887 -0.32074345 0.24393614 0.90217405 -0.095451896 0.35987897 -0.64663648 -0.47821819 0.23620314 0.74205801 0.17780667 -0.15652902 -0.00035429729 -0.62520387 0.30225766 0.44116653 -0.22604517 -0.23502107 0.13293911 -0.21835987 -0.033066307 1.0498609 -0.12351285 -0.17917008 -0.3237709 0.37209599 -0.090612087 -0.32468652 0.66065202 0.7098015 -0.30021178 -0.93326998 0.50375684 -0.34231491 0.3953128 -0.98505191 0.44629867 -0.60558596 0.36538206 0.0071365339 -0.47696971 -0.20351816 0.34315923
0.052947227 0.29220649 0.98822029 -0.78212081 0.80860629 0.052177969 -0.44939202 -0.66515681 -0.094560195 0.46082506 -0.06377456 0.75557747 -0.72558785 -0.0060444739 -0.62619672 0.18181594 0.4434437 -0.2103809 -1.3021069 0.099474073 0.21836928 0.20214738 0.6178911 -0.53552684 0.34010805 0.59625376 -0.88929379 0.15982591 -0.25208992 -0.040761337 0.17383824 -0.24361428 -0.33785404 0.017076209 -0.54362297 -0.54291256 0.33968664 -0.57439702 0.33315625 0.23129565 -0.86290336 -0.33878233 0.5970547 -0.49058277 -0.23220213 0.23103045 0.39169525 -0.12576944 -0.2987551 0.71118493 0.86944983 0.48942903 0.042659071 -0.40413286 -0.4152222 0.26125705 0.20919911 0.7007993 0.32522505 -0.75154015 0.52597381 -0.49903031 -0.19198564 0.1251001
0.99783374 1.5549593 0.30336153 -0.091598309 0.26725282 0.44382771 -0.16033381 0.89760568 0.11503538 0.24887154 0.33296213 0.21079331 0.41947025 -0.30862659 -0.27915088 -0.55007712 0.21975062 0.38946825 0.22888643 0.83724622 -0.0027980094 0.33437083 -0.54585044 -0.19354985 0.34776888 0.42455106 -0.14698347 -0.035799626 -0.75893687 -0.1785146 0.44519158 0.28760251 0.25033286 0.024886844 0.0035315793 -0.33016057 0.34941421 0.21048647 0.24600942 -0.26301742 -1.0766715 0.54857636 -0.23941873 -0.43138788 0.34673946 -0.19600632 0.52996819 0.30850297 0.34178466 -0.68297786 0.60597199 0.13062527 -0.18463857 0.071694234 -0.88811762 0.20432641 -0.51468575 -0.67633514 -0.76117959 0.55634419 -0.3146317 0.76686385 -0.26790073 -0.85367898
-0.55826222 0.61790581 -0.077949089 -0.27414365 0.080009113 0.25089137 0.55869941 0.72424961 -0.17988432 -0.66302384 -0.20673258 0.13014025 -0.48187946 -0.47857546 0.17189394 -0.024326176 0.016398498 -0.37924767 -0.11520036 -0.46211657 0.44509921 0.51762467 -0.92309393 -0.46475543 -0.74826463 -0.32501197 -0.041718985 -0.72482261 -0.46092991 -0.50197869 0.10363366 0.034672169 -0.36086878 0.088410436 -0.27334004 -0.13582756 0.83672605 0.67023053 -0.64979062 0.41486621 0.40569828 -0.57413164 0.40938882 0.76896596 -0.5612724 -0.45875141 0.50883073 0.13574766 0.27573814 0.17029461 0.19534796 -0.66323606 0.52365885 0.584795 -0.11469537 -0.021738475 -0.76555375 0.25712738 0.28602872 -0.031095508 0.56217668 -0.16703862 0.28230296 -0.50983217
-0.011776075 -0.087177129 0.11265396 -0.18476346 -0.065736298 0.41302359 -0.21838212 -0.80328855 0.87479195 0.69072704 -0.64613135 0.3448539 -0.25148739 0.13174361 0.14711206 -0.1172039 -0.39188283 -0.34527053 -0.45809596 -0.4159111 -0.033589145 -0.35787999 0.34102603 0.74362308 -0.29002662 0.11970225 0.24984256 0.23600114 0.037977634 0.37134121 0.24112448 -0.61883121 0.43457803 0.44364542 -0.38164305 0.018968918 0.3416645 -0.10465691 0.53648902 1.1819362 -0.39299302 -0.6905223 0.1519093 0.36078125 -0.11543319 0.72663033 -0.6693029 0.34645931 -0.30293041 0.85968895 0.99625768 -0.38332829 -0.27477857 0.42979394 -0.19356532 -0.022705609 0.01269421 -0.95983658 -0.006918873 -0.34486389 -0.24656141 0.721816 -0.62825345 0.40660259
-0.13948147 -0.13988008 0.39518595 0.17002565 0.2853065 0.48409233 -0.16565419 -0.30611837 -0.54257526 -0.41270526 1.4745472 0.62233979 -0.67553718 -0.66122898 0.24093303 0.2736324 0.27444192 -0.1274779 -0.06272713 0.16393976 0.042946503 -1.1096502 -0.11489982 -0.42570322 0.087605709 1.4926295 0.18374083 -0.15676484 0.46090075 0.24134394 0.21004725 0.3034253 1.0282718 -0.56544422 0.23681604 -0.46319056 0.27775632 -0.45934326 -0.20868341 -0.14754496 0.48790836 0.45922722 -0.62285869 0.027467055 -0.35478993 -0.62925246 -0.10850853 -0.15424139 1.2133582 0.21647991 -0.68880875 -0.282387 0.51069165 1.0442214 -0.79299166 -0.93996219 0.93548259 0.19480709 -0.43414637 0.26731454 -1.3178739 0.0016877533 0.16391059 0.46213507
-0.50694798 0.042843581 -0.46271231 0.12769188 -0.44767316 -0.20405042 -0.4979077 0.32556812 0.42922556 -0.11731028 0.019118997 -0.72429571 -0.14983832 -0.025102309 1.3103965 -0.55598351 0.73208862 0.49842939 0.1403182 0.87931024 0.18605274 0.1945796 -0.026560327 0.61178444 0.54823462 -0.31283864 -0.6596236 -0.10149032 -0.40001928 -0.031762287 0.61871907 -0.22865083 -0.021411691 0.029011367 0.42421544 -1.1234447 -0.30335015 0.10564185 0.60003948 -0.24595122 -0.93827635 0.30985572 -0.31768119 -0.59483333 -0.31217269 -0.092262679 -0.30237233 -1.102783 0.4485331 0.63743752 0.325761 -0.56884284 -0.10074577 -0.0032606576 0.29939719 0.33417024 -0.3670869 0.040997778 0.2286402 0.72791116 0.35225327 0.39452834 0.041913314 0.70522957
0.2048814 -0.43054396 0.70168499 0.34895164 -0.22152201 -0.23974648 0.14828777 0.2315924 0.098646133 0.15565434 0.84997869 0.53577158 0.095317796 0.47065529 -0.51626195 0.19896352 0.90465317 -0.10902295 -0.42381696 -0.32604444 -0.54481652 -0.39238095 -0.18525405 -0.70278351 0.007809167 0.45113859 -0.45387809 0.75964196 0.25539604 0.51529029 -0.32891728 0.42726261 -0.54596695 0.44512375 0.08591967 0.27662561 -0.5877973 -0.44753492 0.29861411 -0.474174 0.23160315 -0.6835689 0.42408711 -0.61626166 0.27614997 0.31281547 -0.34838591 0.29101328 0.13022113 -0.26942093 -0.50427734 -0.98131285 0.17482502 -0.78240139 0.0476721 -0.13172411 0.33957139 -0.15102275 -0.16472389 0.36593535 0.16752901 0.15807798 0.23463379 -0.76778606
0.37839434 0.3062344 -0.50834156 -0.12204024 -0.019653644 -0.067248392 0.16692998 0.71568339 0.54088336 -0.6561096 0.311035 0.66446666 0.19340426 0.54549021 1.0061352 0.51185477 0.1246543 0.52254424 0.072443917 0.011951522 -0.17570712 0.78170668 -0.40921433 0.76618386 0.24993206 -0.69965309 0.18382465 -1.0500133 0.31275401 0.44261574 -0.29617798 0.061773848 0.97707872 -0.25287335 -0.52945379 0.7408317 0.9812936 0.0018478359 0.50573152 0.67073796 -0.37124212 -0.24265292 0.61543726 0.84250714 0.28144043 -0.43990718 0.99353056 -0.26548545 -0.16756889 0.17116892 0.77708021 0.42698799 0.20743275 0.23164427 0.021757334 0.27906976 -1.26478 -0.14830373 0.12066097 -0.57550704 0.19316166 -0.10223561 0.87773785 0.78650986
-0.23290278 -0.075418856 -0.036973783 -0.22582974 0.097512492 -0.37914103 -0.56530767 0.31135561 0.31476479 -0.40215788 0.44767772 -0.31578886 0.12658262 0.41017201 -0.016806282 0.22737046 -0.25821482 -0.098233292 -0.10292972 -0.37328917 -0.088387082 -0.77430915 -0.24557687 -0.14243775 -0.12808988 -0.12074872 -0.0308821 0.23972076 0.43725854 -0.32488261 -0.60160043 -0.52102221 -0.24360146 -0.17596066 -0.38499803 -0.64805833 -0.22806041 0.09071331 0.29751473 -0.27871153 -0.20649891 -0.46334915 -0.015719585 -0.42421432 0.28656391 -0.89293325 -0.17981484 0.15055367 0.091917258 1.3465168 0.17490001 -0.5020273 -0.047732124 -0.88812317 -0.040299875 -0.41652803 0.45769514 -0.27477014 -0.058382958 -0.31777892 0.86942568 -0.16062138 0.91627852 0.40707588
0.24103336 0.18436657 0.19689865 -0.96383629 -0.1394417 0.42257899 -0.024448592 -0.70259492 -0.026202225 0.85205276 0.62344586 -0.031002005 0.47572464 -0.18325351 -0.85193579 -0.46223299 0.78144438 -0.13699654 -0.12169199 -0.1499191 0.95206829 0.81297946 1.1093901 -0.079522605 0.14781224 -0.75832127 0.73846721 -0.58388978 0.10838778 -0.54865126 -0.29443341 -0.41863122 -0.30393763 -0.26956135 -0.2741344 0.41666696 -0.5524314 0.11027071 0.60897958 -0.25659818 -0.35895945 -0.11526231 0.5898626 0.097053815 -0.26560715 0.24193833 -0.55114607 0.34067976 0.20430365 -0.15390424 -0.4192929 -0.44334046 0.26740867 0.61449025 -0.31865387 0.22919335 -1.0435135 -0.29230887 -0.015529466 -0.45484171 -0.46825319 -0.33388978 0.14609636 -0.093664509
-1.1191156 -1.0603501 -0.30343259 0.22884329 -1.3737524 -0.24986509 -0.26312393 0.69416889 -0.19251091 0.19149449 0.07062857 -1.0652832 0.38410361 0.10769825 0.25413432 1.9631189 -1.0420565 0.86234832 -0.14372376 0.14366445 -0.022756123 -0.21211817 -0.28491646 0.16475437 -0.75858685 0.37528958 -0.2080972 -0.56503467 -0.22500643 0.62857461 -0.26766754 0.17922681 -0.36547814 0.37896092 0.34275387 0.92430442 -0.087781973 0.3343274 0.04903377 0.64793589 -0.35941619 0.37250266 -0.097348648 -0.032094089 0.045876242 0.1261202 -0.058114522 0.10735659 0.78905903 0.49272484 0.4345773 -0.22776976 -0.44462041 0.47765028 0.4380234 0.73633534 -0.30199031 -0.11477433 -0.81974208 -0.19623555 0.49828526 -0.23324769 0.3202399 -0.095251553
0.16202851 -0.57384569 0.042604725 -1.495568 -0.093448079 -0.81523662 0.60299726 0.38870368 0.23333549 0.76050311 -0.47445826 0.8736816 0.46609578 -0.11827764 0.56781007 -0.55314676 -0.41225708 -0.30429486 -0.26448885 -0.52827882 0.61154153 -0.1294272 0.17625248 -0.28517568 -0.91030165 0.13502868 -0.95612749 -0.034317023 -0.68415752 0.993638 0.45568136 0.052876896 0.63185334 -0.42315799 0.27173969 0.099905217 0.13201004 0.63617675 0.36624605 0.14436183 -0.82744372 -0.48002315 -0.061354467 0.046686187 -0.56510186 1.2058383 0.75819703 0.30105916 0.036018431 -0.10610448 -0.47595923 0.038740259 0.12887627 -0.62088029 0.16708821 -0.077629524 -0.95390378 -0.43019251 -0.20680277 0.94384383 0.27827656 -0.66774078 0.24301814 -0.77365199
0.54134553 -0.23556233 -0.046818094 0.66289832 -0.64358178 -0.69855909 -0.29179966 0.51918943 -0.75967304 -1.4160778 -0.22557943 0.2758704 0.60013087 -0.23158068 -0.2057133 0.57695037 -0.93487085 -0.19426039 0.095211945 0.22460936 -0.25490335 0.017220506 -1.2441637 -0.32912421 0.22675436 -0.49114702 0.029492111 0.22343625 -0.1712746 0.085231885 -0.48136628 -0.10330564 0.30510808 0.07848648 -0.29326563 0.1121082 0.3573049 -1.0249706 0.57953703 -0.16812737 0.21274497 0.59862346 -0.68583685 -0.3547205 -0.14427435 -0.39187676 0.86746829 -0.42838605 -0.27777339 0.10219452 -0.60107476 -0.19784036 0.15872663 -0.1664302 -0.046693429 -0.26466606 -0.75723515 0.16079661 0.87746654 0.0092008154 0.11263206 0.34636138 -0.63466525 0.85125733
0.1011644 0.81592845 -0.3665165 0.90903096 0.38757775 0.27652004 0.11701223 -0.12426431 0.60026583 0.070179935 -0.98353485 -0.55859323 -0.092922876 0.15499949 -0.028294244 0.60948539 -0.97555093 0.071793968 -0.90898961 0.37985615 -0.047229357 0.20980499 -0.43194148 0.63973247 0.52086233 0.29177215 -0.064758623 0.28992864 -0.35344628 0.42777783 0.82474045 0.53530528 -0.36480123 0.18070866 -0.64657077 0.28619516 0.22530171 -0.93490817 -0.58089192 -0.14156945 -0.15042987 -0.60473847 0.19448936 0.1257368 -0.097134566 -0.37789575 0.52435356 0.82770356 -0.24178074 -0.30608346 0.24560383 -0.17901469 -0.0696986 0.36982658 -0.95467804 0.65915116 0.036340262 -0.20574657 -0.044617077 -0.018785322 -0.86560065 0.74746911 0.020662816 0.22150107
0.47577489 -0.51058123 0.23673595 -0.13382055 0.42338539 -1.0636137 -0.04954715 -0.30141033 0.21613148 0.23502209 -0.35381295 -0.35608693 -0.055332684 -0.44832111 0.42099185 -0.1846036 -1.4534941 -0.18741103 -0.51927191 -0.81563791 -0.61871332 0.054704236 0.66432041 0.15659224 -0.30325169 0.2279521 -0.22954516 -0.34730018 -0.57718133 -0.8759144 -0.19496185 0.079026745 -0.048311835 -0.20798346 -0.47287303 0.3041231 -0.65856596 0.38801396 -0.50110851 -0.37621762 -0.7333926 -0.25070107 0.48765623 0.25781404 0.48921106 0.26107127 -0.55183491 -0.16539461 -0.39009956 0.66528745 -0.59839432 0.44684884 0.44647694 0.9148101 -0.2048433 0.35616108 1.1408259 -0.30882084 -0.76752012 -0.94000502 0.35635601 -0.9415751 -0.18615953 0.21865659
0.092587768 0.21272243 0.11114493 0.63943291 -0.47615819 -0.33849757 -0.38632972 0.41509591 0.45019929 0.22561266 0.59174683 -0.58902043 0.83361206 0.76161931 0.367811 0.89089945 -0.8283116 -0.26222407 -0.36765173 0.36073966 -0.52507037 0.37874757 0.68526807 0.34760145 0.14187551 -0.49393667 -0.42342548 0.62480945 0.3896745 -0.01950976 -0.20895477 -1.0129039 -0.53542621 0.95570954 -0.64022779 0.094739911 0.50372199 -0.62746133 0.092355237 0.46895777 0.006249661 1.4342015 -0.83429963 0.52936426 -0.086400869 0.38596008 0.22065358 -0.3665781 0.1144982 -0.92895073 0.30162375 0.14907923 0.31933008 0.52905916 0.18380992 0.07404471 -0.44053417 -0.35611038 0.59336731 0.7181677 -0.11905522 0.023001374 -0.45230719 0.58637842
0.33270841 0.97060872 -0.43916154 -0.18900395 0.11572296 0.32324477 -0.10783382 -0.43648055 0.44070376 0.36056768 -0.45813705 0.6777214 0.58509935 0.067148249 0.039798931 0.27702889 -0.43085154 0.01501574 -1.0761918 0.43822782 -0.78074661 0.75170991 -0.16506005 -0.10583349 -0.31386695 -0.14401944 0.70926567 -1.2439043 0.63848269 0.16901174 -0.60351082 -0.5376562 0.83819651 -0.47275344 -0.57667526 0.56865727 0.16927644 -0.46896279 0.10831249 -0.51287634 0.5504107 0.53068548 0.2660031 0.18083053 0.88059406 -0.00015683631 -0.59093706 0.22473696 1.0430235 -0.50737975 -0.18073138 0.20822302 -0.026952425 -0.49115179 0.56092893 1.1600204 0.09806573 -0.45203414 -0.77448026 0.12898799 0.55193867 0.23758387 -0.0012019205 -0.29463583
-0.54608182 0.41737566 0.45688581 -0.77286489 0.79491949 0.28703561 0.69979732 -0.67106387 -0.68291208 -0.074484655 0.25139221 0.89818041 0.35303946 -0.12134064 -0.5131846 0.61500029 -0.48235271 0.81423428 -0.14219232 0.79529104 0.33946565 -0.068497745 -0.25969819 -0.17045394 0.21415835 0.038578248 -0.2969057 -0.082815705 0.039288515 -1.064367 0.22908406 -0.48986061 -0.5766662 -0.84367217 -0.89694625 -0.67772375 -0.35451048 0.97662957 -0.26293984 0.088875053 0.20024069 0.065532593 -0.03872173 -0.59764688 0.72546377 0.90359832 -0.84132935 -0.5120143 -0.13990517 -0.4822689 0.25298278 -0.3641361 1.082528 0.5952743 0.10628702 0.51349313 0.55295021 -0.28197374 -0.40810862 0.039071531 0.43081806 0.069530199 -0.78849824 -0.40141222
-0.036986432 -0.037832802 0.98627109 -0.69299397 0.25279462 0.74455655 1.1357249 -0.20219871 0.24571473 0.28488018 0.097740866 -0.049422601 0.21798769 -1.266123 0.34103475 0.063088952 -0.11123745 1.0234311 -0.33746701 -0.20153799 0.99577665 -0.41603065 -0.27505764 -0.073512712 0.42036724 0.10390125 -0.64631267 -0.26608428 -0.30367722 -0.038610523 0.21292183 0.20910288 -0.88800588 0.53197049 0.12628442 0.69226602 0.22209916 0.55066148 0.23327266 0.67311288 0.26112532 -0.048957623 1.1362174 0.44451856 0.28687221 -0.63815221 -0.64415381 0.14635774 0.072760599 -0.30706128 0.07049135 0.79431346 0.34770124 -0.57050425 -0.055754414 -0.40248324 -0.19384996 -0.20680783 -0.23882279 -0.62756769 -0.063827341 -0.28030382 -1.4647243 1.026486
0.54438483 -0.18815036 0.0094095249 -0.58582717 0.84786144 0.94864435 0.078346864 0.51176532 0.087643389 -0.66836272 -0.20591168 0.065963983 -0.22727386 -0.10932664 -0.045699779 -0.040439249 0.026129245 -0.53030253 -0.35850807 -0.64229213 0.48890777 -1.0528235 0.57679517 0.6931747 -0.15109029 -1.3015685 -0.18065528 -0.032092081 -0.50529911 -0.2576092 0.7650976 0.33246358 -0.46228206 -0.79879958 -0.16350866 -0.10672839 0.24809959 -0.26765836 0.25574979 0.96757702 0.40775051 -0.024044254 -0.091575236 -0.17833657 0.59032046 -0.31365672 0.022611354 0.025598951 -0.2508921 -0.68623277 0.16148725 -0.030501986 0.25012023 -0.26680015 0.61041065 -0.43838689 0.85602014 -0.87381825 0.21738503 0.23771534 -0.39777853 0.21219697 0.63975933 -1.1084094
0.2513724 -1.2466354 -0.4828324 0.81458318 -0.29089102 -0.58693998 -0.098968864 1.0339532 -0.91584112 -0.52565496 0.74871584 0.92885117 -0.051715612 -0.61952635 1.0479218 0.7972212 0.33947349 -0.40620117 -0.02451467 -0.080180041 0.16542565 0.72550072 0.43970852 -0.53868804 0.68824823 0.15656607 0.3435329 0.73327043 -0.55579012 -0.017912789 -0.26572728 -0.78392971 0.17335499 1.2557783 -0.92003887 -0.016140306 0.32027147 0.061539101 -0.056564026 -0.64960818 0.11639337 -0.37838199 -1.0949609 0.59729611 0.47919291 0.025830488 0.11453734 0.53715901 0.11216983 0.45200878 -0.1487411 0.65599187 0.16039286 0.097025972 -0.63503054 0.14347793 -0.41597746 -0.31914136 -0.40768781 -0.53311747 1.0623857 0.66566953 0.96018375 -0.61144751
0.035626875 -0.64675381 -0.34784744 -0.45906349 0.619792 -0.19811484 0.53418967 0.30206044 1.1518194 -0.73972211 0.62961662 0.57322044 -0.48668942 0.50356667 0.16807248 -0.11373813 -0.41196774 -0.35955473 1.024906 0.00034140948 0.391065 -0.39544969 -0.38992647 0.5409924 -0.67478811 -0.20760688 0.017013706 0.055686301 -0.089546643 0.19790989 0.34642788 0.36731877 -0.4929019 -0.14207755 0.59738143 0.44732359 -0.68642973 0.17573995 -0.98911262 0.023467451 0.94888351 -0.47394636 -0.41716152 0.38201489 -0.77140076 -0.31637751 0.29822057 -0.31714292 -0.11798499 0.37209286 0.21077304 0.1334092 -0.16956114 0.18503056 -0.06186634 0.2289028 -0.24846601 -0.091284487 -0.4949789 -0.017503805 -0.40550043 -0.55702323 0.12933057 0.10636989
0.39143687 -0.21556278 0.20402642 0.27539879 0.2223869 -0.41282684 0.074681741 0.18207015 0.0035892335 -1.0432388 0.080244812 1.1062655 -0.18001963 -0.36403855 0.18667428 0.15618911 0.59636758 -0.62893408 0.36569013 0.29521103 -0.071073268 0.16934366 0.51472874 0.43615769 -0.57150966 0.41007909 -0.032344303 0.036437049 0.036598496 -0.075121494 0.59585375 -0.04185898 -0.55977306 -0.19676493 0.089347358 0.61460739 0.30154734 -0.42526764 1.242595 0.13238766 0.63769537 -0.075857217 0.26667962 0.41973425 0.60909736 0.52868415 0.4360985 -0.15754337 -0.28587302 0.16630376 0.46656404 -0.11136035 0.53258598 0.72630837 -0.45816046 -0.41846035 -0.070187529 0.15380633 -0.26228351 0.67610134 0.21203343 0.019723524 -0.71795476 -0.65790791
0.14050463 -1.0662978 0.5063187 -0.079076922 1.6215465 1.1539581 -0.090724535 -0.053168501 0.49779076 0.8515863 -0.81901453 -0.89318773 -0.3110174 0.29136879 0.2484368 0.53488573 -0.59984876 -1.1580719 0.4290071 -0.41409814 -1.0092439 0.072531873 0.39658784 -0.061028566 -0.22892419 -0.079681116 -0.18529138 -0.67402356 -0.35734034 0.26063995 0.16083927 0.084029903 -0.49757424 -0.090751581 -1.0885325 0.089238332 0.71442885 -0.73706607 -0.29296384 0.16455339 0.62642132 -0.22411231 -0.34612516 -0.98446157 0.051719065 1.021038 0.13867923 -0.01113949 0.16104116 -0.005546002 -0.40650719 0.41163996 0.11288076 0.008806626 -0.48768301 0.65175397 0.33235137 -0.27646042 0.50091243 -0.24878542 -0.39100175 -0.37985156 -0.88553428 0.23577119
-0.91557244 -0.61422192 -1.037794 -0.043034846 -0.07516023 -0.16334811 -0.52128885 -0.58611688 0.23218493 -0.27527597 0.15817916 -0.44262434 0.090531371 0.65163902 0.2930829 -0.20620691 0.12859949 -0.12033259 0.0039400923 -0.16280553 -0.082167603 0.10604668 -0.49667935 -0.50793941 -0.69427128 -0.80013555 -0.60864135 0.079731253 -0.44639376 0.25680723 0.017356874 -0.98425211 0.32748779 0.40539932 -0.49693134 0.21009577 -0.42824912 0.048835188 -0.6322492 -0.89655323 -0.19140859 -0.061864473 -0.19883985 -0.59201528 -0.19994953 0.13464738 -0.022446515 0.091250515 -0.3350576 0.58585896 -0.58808667 0.24378015 0.59094555 0.24045405 -0.10126211 -0.26414852 0.51804383 -0.71148746 -0.48506213 -0.19877888 0.61882688 0.18988382 -0.48402288 -0.15515385
-0.30716157 -0.3548945 0.48944478 -0.68587156 0.80439043 0.41411485 0.54543084 -0.23146976 -0.07497036 -0.71657591 -0.2623312 0.24682742 0.64803153 -0.55357841 -0.18275297 -0.07564961 -0.6978946 0.29567462 -0.36199517 -0.097695176 -0.22597469 -0.39466925 -0.0035224927 -0.10780479 -0.18592894 -0.36423081 0.15976234 0.82680863 0.069943616 0.49805911 -0.69511096 0.07888072 -0.54868416 -0.73846246 -0.3696857 0.59594967 0.47500791 0.12150236 -0.76635028 -0.098140326 0.15085 0.087768115 -0.92189679 -0.44515892 -0.032038882 0.26814545 -1.0980639 -0.081061988 0.071524385 0.42480599 0.34642879 0.29128566 -0.39997025 -0.95400107 -0.19652638 0.50081591 0.69672726 0.35527455 0.21467041 0.18981982 -0.27805937 -0.065030147 0.83453476 -0.471279
0.8073894 -0.16101408 0.66271605 -0.7034075 0.2929521 -0.36838507 -0.7076336 0.10926702 0.50473589 -0.42247072 -0.74950798 -0.045922382 -0.043717664 0.27415981 0.47479729 -0.029707591 0.92775166 0.11211737 -0.17321325 -0.80578368 -0.13132976 -0.16819347 0.4801524 0.23124181 -0.58968456 0.086127193 0.33576559 0.76401568 0.44375198 0.38042333 0.030042997 0.194156 0.62475245 -0.6663887 -0.17471966 -0.38628437 0.18957656 0.61511109 -0.29848714 -1.1951522 -0.20611037 0.45673687 0.26881495 0.21409312 -0.13999665 -0.63951537 0.25764716 -0.41714091 1.0920484 0.2852536 -0.29032415 -0.30569262 -0.046472103 -0.11975096 0.55841689 0.093208085 -0.36581587 0.94522034 0.024654166 0.38441984 -0.30411325 0.18155781 0.155555 -0.94482465
1.0076376 0.64532223 -0.19859766 -0.55113487 0.17378081 0.04334885 0.17783447 0.095788698 0.25312049 0.72365285 0.2840516 -0.52482775 0.68128143 0.82030728 1.5760284 -0.56174702 0.12144101 -1.0410494 0.27657458 -0.27410015 0.9617229 -0.38730749 -0.84459152 -0.23563187 -0.98774389 0.37554973 -1.0325415 0.014228791 -1.0389059 -0.1601489 0.82168908 0.18032395 -0.4317468 -0.015601744 0.009008436 0.23631517 -0.68342918 0.29628364 -1.3521958 -0.31494228 -0.24413692 0.31666341 0.011315426 -0.70278153 -0.49249656 0.099340005 -0.039533671 -0.28956205 -0.24041689 0.348084 -0.25884629 -0.044045622 1.0849683 -0.71184132 -0.92592137 0.39179483 -0.33932153 -0.15911876 -0.39057819 -0.12990007 0.79926906 0.40106423 0.43111176 -0.70811353
-0.57557687 -1.4195393 -0.40469041 0.47835159 0.25847326 -0.11075663 -0.011150142 -0.34444277 0.10237944 0.38293914 -0.80794339 0.14982384 0.46621744 -0.20755014 0.35035031 1.4073272 -0.052171396 0.19665353 -0.36902854 0.090625581 0.23013581 0.09742117 -0.50984766 0.10318089 0.73109797 0.22431788 0.48099359 -0.11850599 0.37495012 0.13963392 -0.47545536 0.1592605 -0.49584833 -0.31644014 0.094664154 0.14862214 -0.59461623 0.52699289 0.28600314 -0.35236422 -0.7687924 -0.07245229 -0.22297186 0.056570229 -0.18155833 -1.0037284 -0.19417347 -0.15280956 0.31683051 -0.34909984 0.83933734 -0.95582028 0.65558375 -0.11215949 0.42979244 0.039900742 0.56977777 -0.19368098 -0.54931021 0.71025214 -0.056740323 0.11077924 0.61737596 -0.51597762
0.29774545 -0.29494738 -0.066084678 0.036139483 -0.75011093 -0.38941852 0.67553645 0.44309559 -0.031319789 0.12156173 -0.14712125 0.67829169 -0.10017629 0.11592105 0.57301507 -0.38868574 0.77939459 -0.7652307 0.81482107 -0.18633779 -0.12134937 -0.94500509 -0.22739736 -0.51990327 -0.30382317 -0.068655483 0.47889581 0.10380168 0.15383833 -0.54775969 -0.44037704 0.89936251 -0.36760052 0.82810413 -0.1215306 0.0011439681 0.53518258 0.63594621 -0.05540628 -0.19412153 -0.027960224 0.16897876 0.44565184 0.0021149295 0.30944315 0.81917987 0.19065481 0.15582643 -0.75945541 -1.3153651 0.19418786 -0.047412116 -0.25739134 0.1217651 -0.030201865 0.56389013 0.043055434 -0.37346164 0.49508312 -0.10856554 0.26326834 -0.23870535 -0.32491344 0.042084115
0.0064143218 0.23991352 -0.13432288 -0.91817989 -0.21638694 0.39690923 -0.14868804 -0.1231917 0.49318825 -0.35598661 -0.77140161 -0.08031556 -0.24208698 -0.48312316 -0.087689228 0.24575282 -0.0046442808 0.15349054 0.90670385 -0.17143943 0.13917432 -0.25460668 -0.42317986 -0.29245383 -0.23937929 0.1797379 1.1745379 -0.35802172 -0.20831265 -0.031561507 0.19789942 0.13177541 0.6420479 -1.213196 -1.1934649 -0.24793909 0.54865009 -0.78282402 -1.5038162 0.2855897 0.12182861 -0.5451042 -0.4927698 -0.48487186 0.055267659 -0.31315764 0.24703196 -1.4273133 -0.42842593 -0.56302698 -0.12817034 -0.26902388 0.39892189 -0.92966839 0.022745738 0.27916821 0.92832372 -0.24088299 0.1622293 -0.9019314 -1.1959781 0.42238719 -0.0027801468 0.58925634
-0.68670144 0.25995107 0.93440892 0.2098528 0.13829075 0.0042780404 -0.78544073 0.67778647 -0.30542882 0.25224163 -0.78151715 -0.58972983 0.7175437 -0.17365114 0.72663774 -0.03911533 -0.92094889 0.4460338 -0.29494616 0.34934441 0.012605434 -0.77155911 0.082147383 1.0981116 0.24649323 -0.028758877 0.5376717 0.10533423 0.10476712 -0.54581259 0.11692401 0.51772171 -0.41803108 0.71224791 -0.045853012 -0.44388476 0.49881604 -0.14339712 0.37975744 -0.14587932 -0.029913072 0.2467801 0.14544853 -0.99776589 -0.56062187 0.46470499 -0.066068294 -0.26186565 -0.67928701 -0.53986816 -1.0108993 -0.050640359 -0.29921879 -0.48329395 -0.034061713 0.18198532 1.046599 -0.75594171 0.57969052 0.48655078 -0.38954637 0.10161798 -0.22881662 0.09284429
0.75456551 0.30280312 0.25430419 -0.21515466 -0.74202833 -0.10423411 0.60330408 -0.76358393 -0.52754468 0.063133868 -0.49232739 -0.39626172 -0.21179929 -0.6828087 -0.48706092 0.35171396 -0.65368489 -0.79893607 -0.31501249 0.36597775 -0.098460904 -0.23229054 0.022179399 -0.87285372 0.24735283 0.19171752 -0.20465424 0.50296226 -0.56374805 0.5639545 0.077246833 -0.16827629 -0.0099368177 -0.053632383 0.61014145 -0.53833956 -0.38125962 0.51815145 -0.29776747 0.45026654 0.84971799 -0.20089751 0.34068116 -0.57684614 0.37736665 0.099711993 0.23651914 -0.32278604 -0.83054171 0.25162603 -1.0317016 -0.15867525 0.47059093 0.095948868 0.97417132 0.51255458 -0.32694919 0.01365669 -0.023685351 -0.79108838 -0.47019946 -0.28038045 -1.0181103 0.023746734
-0.12453592 -0.83644695 0.20210643 0.35793637 0.11351724 -0.16203409 0.29572108 0.34011018 0.15370178 -0.41230613 0.13830038 0.59774033 -0.29831453 1.0489697 -0.26281547 0.016203507 -0.3362428 0.11163542 -0.87111085 -0.2730209 -0.5460606 0.067669174 0.49722369 0.32300309 -1.1858297 1.0210348 0.14763997 -0.38824957 0.078563959 0.088094911 -0.33342436 0.098958334 -0.30373614 -0.202181 -0.34313957 -0.71633564 0.072918235 0.29264972 0.2574418 0.40996263 0.16217011 -0.26636275 0.41983193 -0.67875877 -0.45033569 -0.48210004 0.54002803 0.47139426 0.24365262 0.53596493 -0.43964139 0.17429756 -0.062587214 0.42344105 -0.057612116 -0.19247144 0.27045426 0.43808458 -0.3341726 -0.030537836 -0.52922032 -1.2490305 0.10022982 0.30445268
0.1310334 -0.97478086 -0.17542472 -1.1091739 0.68485055 -0.54302729 0.6277018 0.47293482 -0.45029518 -0.56639248 0.17518511 -0.42216202 0.051242321 -0.2414138 -0.89057921 -1.115234 0.11334212 -0.28077887 -0.27654491 0.34793192 0.58672114 -0.13627236 -0.17029935 0.25007152 -0.67846778 0.11157653 0.27594299 0.3401151 -0.96837635 -0.38067763 -0.43913163 0.049943477 0.24037229 0.7483552 -0.24748274 -0.24878625 0.57483601 0.14828847 0.63382576 0.144364 -0.57855831 -0.66656418 -0.77575612 0.33102592 0.59429841 0.92468107 0.42155267 0.58141929 -0.29000817 -0.57820791 0.42503967 0.20884038 0.053722187 0.19368574 0.16159274 0.64190843 0.64749279 0.27211018 0.42290144 0.25703128 -0.23058487 0.37828234 -0.69724753 0.52694578
-0.59726147 0.14290164 -0.42257698 0.27669449 -0.016962613 -0.79737798 0.21034982 -0.28896039 0.44057336 0.00066284437 0.19771049 -0.47878448 -0.29466612 -0.22931932 0.42835124 0.83868854 -0.40258588 0.53842407 -1.0848387 -0.5970947 -0.47938923 -0.67625434 -0.79179419 0.20649946 -0.10703385 0.1897027 0.34523634 0.1328085 0.32888159 -0.034766143 -0.59349669 0.52890709 -0.29455607 -0.46779815 -0.088958938 -0.45640546 -0.20871519 0.17202696 0.17417087 -0.44891503 -0.24385269 0.5371665 0.24820006 1.0375325 0.59006409 0.57214653 -0.69393428 0.38193018 -0.026553401 -0.2754909 0.08400767 0.47260577 0.2504158 -0.4392369 0.37122946 -0.31879377 0.10834156 -0.15167503 -0.10943313 0.38312149 -0.52009686 0.97259754 -0.91054303 -0.29883384
0.18510594 0.29215708 -0.05023786 -0.028695352 0.20527504 -0.11553474 0.69659063 0.41967456 0.43641218 -0.48307836 -0.039694212 -0.15023297 -0.50280069 0.18008209 -0.26882288 0.32770191 -0.53509578 0.85952031 -0.44816633 0.10965117 0.39592966 -0.28532022 0.42623432 -0.6145918 0.72605885 0.0070746325 -0.2982057 -0.14959089 0.40445963 -0.29222765 -0.37467884 -0.1107683 -0.58848106 0.91027195 -0.2831973 0.41580839 0.10473504 -0.49226703 -0.0029773546 0.39200139 -0.094130668 0.59655647 0.5107577 0.45945743 -0.22982839 -0.53992122 -0.3067938 0.09812047 0.27289336 -1.0857857 -0.0040566008 0.079044613 -0.13877213 0.64563692 0.21089004 0.65509595 -0.10798026 0.46873875 0.8175332 0.65584672 -0.5460708 -0.12683804 -0.17258235 0.24462727
0.34317678 -0.41944634 0.033919257 -1.0099637 0.7209725 -0.25618712 0.02793197 -0.15482486 0.57301379 -1.4187532 -0.0083051712 -0.052909379 -0.22681819 0.86311327 -0.44366473 0.38589809 0.17812639 0.63075963 -0.33359454 -0.36648445 0.54803495 0.21266065 -0.77246867 -0.26965251 0.19319133 0.41888211 -0.33961533 -1.457128 0.26161159 -0.61016034 -1.0086694 -1.416163 0.40699043 0.064308725 -0.11282819 0.69451218 0.31866234 0.80815002 -0.69636774 -0.017275312 -0.80835669 -0.11469117 -0.12430793 0.31330682 0.022781941 0.31170357 0.35172007 1.0774643 -0.15764833 -0.47051135 0.12304181 -0.40114001 0.74098038 -0.14160902 -0.28278818 -0.23565786 0.35920871 -0.078873492 -0.32083341 0.83267596 -0.42808492 0.017783037 0.32615308 -0.81566756
0.24013025 -0.52755384 0.41139139 -0.48132551 0.34638452 0.55291653 0.43071826 0.12565832 -0.11565047 -0.28820979 0.73551735 -0.34974761 -0.51853304 0.33268447 -0.3980684 -0.47503175 -0.72180213 -0.24145492 -0.041357512 0.12154586 0.47565312 0.26344896 -0.09543611 -0.099097838 0.25507873 0.63628508 0.0631571 -0.23456543 -0.496433 -0.72260263 0.33313484 0.28898926 0.28868176 -0.064329723 0.70346737 -0.24205925 0.47763462 -0.019371447 -0.30417538 0.29626515 0.20481806 0.17848638 0.040639211 -0.018946541 1.194186 0.59212832 0.36141345 0.055899579 0.5035786 0.25899739 0.013102376 -0.15178216 -0.040458669 -1.5852129 0.10530042 -0.24423804 0.796335 0.0096720354 -0.59448171 -0.024940077 -0.52306054 0.23670371 0.14547368 0.47891982
-0.3954409 0.017004048 -0.6825109 0.35074739 0.25943559 0.24790251 0.00080951568 0.20738645 0.80216955 -0.14254713 0.069322592 -0.54306315 -0.43413048 0.048906647 0.55196677 -0.12814041 -0.11795826 -0.20344262 -0.26737834 0.14748573 -0.74862882 0.64046979 -0.33271115 0.36095174 -0.6349993 0.33442007 0.3359723 0.19210104 -0.49721426 0.12477409 -0.59152809 -0.12638163 0.51470655 0.39835096 0.0075914713 -0.48740329 0.32279386 0.0096906188 -1.1601578 0.39131491 -0.012116417 0.60122562 -0.54763526 -1.5883519 0.13954193 0.14578184 -0.84533581 -0.48924977 1.3776089 -0.15280531 0.36547949 -0.32532991 -1.0451514 -0.085129123 -0.13280228 -0.19993912 -0.057320418 0.13213414 -0.075058476 -0.63200308 0.2430924 -0.97468588 -1.0251787 0.36959025
0.25351014 -0.028697683 -0.69772425 -0.35395547 -0.13137337 -0.79794698 -0.36951433 0.32616517 0.71365268 -0.20971738 0.37824418 -0.95703004 0.32972562 -0.40197421 0.15367281 -0.12387621 0.660207 -0.43721782 0.31380315 -0.13975373 -0.079152739 -0.091926947 -0.42283655 -0.007049483 -0.031324111 0.12062012 0.042252573 0.39899727 0.46175431 -0.52531166 0.43438625 -0.59316821 0.29392794 0.30986939 -0.95565845 0.046489623 -0.23424806 -0.37938263 0.67542617 -0.32683957 -0.40318846 0.03784747 0.34279487 -0.070824293 0.58318527 0.26548783 -1.0891057 -0.26473348 -0.28092105 0.23968048 -1.3124085 1.2745049 0.26551305 0.074438402 0.59078386 1.171827 0.43537332 0.47440655 0.065345012 -0.070762877 -0.23789772 -0.413056 -0.34350705 -0.67527798
-0.037935725 -0.84233379 0.095458262 -0.018165304 0.073467649 -0.26106579 1.5384302 0.68005795 -0.62227125 0.11643404 -0.30400307 -0.50723986 -0.67003604 0.21610835 -0.34069012 0.48391301 0.49689111 0.68695719 -0.42619338 0.23768281 0.31622711 -0.23708909 -0.38588598 0.80476033 0.11374794 0.31798388 -0.41103801 -0.60964223 -0.28472489 -0.062010694 -0.53211 -0.0049224043 -0.84425259 -0.56002371 0.33545562 0.30189526 -0.19593838 -0.50888215 -0.51370178 -0.18663412 0.32225925 0.46412285 -0.24826587 -0.57674621 0.13392182 -0.41176749 -0.25912632 0.66263805 0.41355771 0.078987156 -0.6359595 0.10569828 0.53132865 -0.18781683 0.67555704 0.64637264 0.83186642 0.15262156 0.29369585 0.70709364 0.22369697 -0.25061705 -0.22427142 0.11927748
-0.64528071 -0.071629458 0.54827356 -1.0956269 0.76724105 0.56118711 -0.22988231 0.27169541 0.0015738635 0.61499518 0.49134157 -0.70003536 0.29363121 -0.10281393 0.041416285 -0.36408595 0.87406853 0.52003091 -0.36988558 -0.6673053 -0.19283632 0.21725132 0.12010292 0.62656641 0.39495986 0.48478451 0.1634277 -0.69464937 -0.097849266 0.53004487 -0.025761464 0.25154518 -0.15937416 -0.51490592 -0.061672032 0.15452372 -0.32784386 -0.11785562 -0.46973162 0.55962246 -0.14722788 0.72637777 0.76437393 -0.040522982 -0.50422437 -1.0429489 -0.73601854 -0.68691741 0.68923481 0.057912294 0.19480226 -1.1102105 -0.59898321 0.44353989 0.14338706 -0.073602639 0.28242118 0.8178989 -0.11052123 0.034684901 0.096298459 1.1960548 -1.0496781 0.34161151
-0.057401124 0.28338586 -0.32868628 -0.024482515 0.35570529 1.5564551 0.40401809 -0.4240328 -0.21187984 -0.22670705 -0.89782159 -0.1650451 0.36641454 -0.63711606 0.52424133 0.24388741 -0.36711666 -0.070764819 0.7991609 0.36677391 0.0043918274 -0.11884166 0.038304535 -0.25588178 -1.0523748 1.021089 0.0776625 0.19907363 -0.028953875 -0.3675584 -0.09296224 -0.79969738 1.1385432 -0.617256 -0.51598314 -0.2201296 0.64403786 0.0072544996 -0.6180679 0.62716918 0.36550031 0.26921748 0.35786712 1.197181 1.0925474 -0.34335767 0.8119425 0.19158409 0.24954791 -0.84613542 -0.085192883 -0.4064118 0.41402941 0.53554025 -1.0372432 -0.011017432 0.56093075 -0.093339481 0.36453182 0.17558273 0.17083012 -0.13565749 -0.6082904 -0.56076507
0.35467626 0.0097291278 -0.069256122 -0.21194502 -0.15259442 0.5234559 -0.16762204 -0.67053236 0.37182589 -0.10243833 0.015697933 0.80378915 -0.010280279 0.14459184 -0.58946175 -0.10983473 0.30476302 -0.77768687 0.10042255 0.050395536 0.020643728 0.51857945 0.16721926 0.73903595 -0.49679476 0.067962284 0.042233393 -0.53462725 0.4781475 1.1623367 -0.0085030372 0.25251054 0.042259238 -0.35679233 -0.91038014 -0.35288674 -0.69597919 0.85205104 -0.057554847 -0.17295966 0.44457691 -0.56087555 -0.38343202 0.034036135 0.5143845 0.25084252 0.12416257 0.039058868 0.20011793 0.10082645 -0.51498614 0.023039611 -0.53684433 0.040541271 -0.24032397 1.2696908 -0.019947192 -0.70211978 -0.067090105 0.25967937 0.83668197 -0.2947262 -0.79121399 0.40841851
-0.69029935 -0.21807772 -0.12881024 -0.034816727 0.34458223 -0.34181714 -0.13686463 -0.0071351765 0.074798979 0.048913587 0.21800289 0.42191975 0.19631706 0.22679276 -0.79111158 0.02511385 0.23975377 0.3644706 -0.34617539 -0.32951964 -0.28705034 0.26820695 0.51694053 -0.20373005 0.45398116 0.061739905 -0.062142889 -0.10569211 0.37330568 0.16278891 1.1379127 -0.42611232 0.25905085 -0.2646005 -0.43464349 -0.0054335685 0.06867624 1.4590868 -0.092072908 -0.56508936 0.13650536 -1.03732 -0.045978391 0.0080126411 0.39730019 0.48681112 -0.25178481 -0.075307007 -0.38306042 -0.56403128 0.15494739 -0.63679277 -0.20731345 -0.49758698 0.27484159 0.90071505 -0.65079399 -0.92650924 -0.062443443 0.007848898 0.10932965 -0.22316026 -0.10031965 0.18375521
0.52021545 -0.97752439 -0.18446972 0.1069044 -0.45898805 0.86558482 -0.31770494 -0.020646344 0.27801105 -0.29564239 -0.92328652 -0.21432726 0.51472028 -0.16844756 -0.42321715 0.4628361 -0.16538745 -0.25508041 0.074728045 0.3853751 1.1908568 0.41361805 0.57991998 -0.2529831 -0.51293405 0.031165675 0.053584958 -0.53925637 -0.087647265 0.1996588 0.1801967 0.25214393 0.14548237 -0.25350433 -0.25695031 -0.5994757 0.89238752 0.0067251823 -0.11242653 -0.46439604 1.467829 -0.53666402 -0.21442396 0.20791842 0.30010648 0.47896603 0.90380425 0.25307883 -0.5280154 -0.12847256 0.15391619 1.034113 -0.69890274 0.60128825 0.089957185 0.41891527 -0.050997358 -0.42121632 0.37543639 0.32721551 0.48602848 -0.0066523177 -0.29991101 -0.7793935
0.40968663 0.21194474 -0.48289132 -0.26928684 -0.23337941 -0.74149222 -0.4088412 -0.56691518 -0.20623951 -0.36934875 -0.81350246 1.0112951 0.62627037 -0.38950971 0.1362107 0.20873254 0.59554293 -0.40930251 0.54605339 -0.27395265 -0.6679312 0.36206828 0.64537921 1.2939545 -0.59986263 0.34945984 -0.20490062 0.39167936 -0.73524478 -0.63138489 -0.38793741 0.039482023 -0.32054063 0.32952717 0.51344731 0.29978877 0.80939382 0.20791331 -0.60844836 0.68168826 -0.30257812 0.45520925 0.78686711 0.22834401 -0.74807941 -0.45910608 0.66137223 -0.084561343 0.039786767 0.37941221 0.34816143 0.13939991 -0.10433419 -0.15633422 0.42894941 0.27678477 -0.12865 0.54105616 -0.064517058 -0.42583109 -0.37948535 -0.48937042 -0.13620501 0.61686214
-0.40254759 0.094237881 -0.32834467 -0.13015452 -0.75502061 -0.11026911 -0.09685269 0.27014397 0.11164046 -0.59919606 0.54209912 0.10515152 0.099196759 -0.0045911767 -0.25887872 0.10890117 0.23779422 -0.87344785 -0.26938042 -0.12747349 0.1280853 0.5966555 -0.38587041 -0.24898092 -0.25626706 -0.4007638 -0.17359325 0.38540111 -0.52691775 0.2139072 -0.85095112 -0.280669 -0.16474465 0.83742984 -0.13740115 -1.1006217 -0.99944445 0.017014793 0.30688543 0.18772793 0.083785053 0.5811298 -0.26979561 0.44745528 -0.81600744 -0.45247392 -0.9035207 -0.13742265 -0.023130609 0.057050746 0.030941676 -0.46377667 -0.095120422 -0.74872333 0.68161449 -0.15181304 -0.24444306 0.79447016 -0.62112327 -0.56279356 -0.54811016 -0.033935691 0.21581581 0.36983773
1.2859977 -1.1247162 0.30436779 -0.27856529 -0.29320757 -0.30988606 -0.45438484 0.84226242 0.42114866 0.011597989 0.67550788 -0.75626448 -0.66535257 -1.0889839 -0.34970727 0.080849263 0.051429289 0.074670956 -0.70552842 0.40157737 0.11981376 0.36652714 -0.94638109 0.15574543 -0.59388262 -0.19866163 0.26718245 0.045546803 -0.42576999 0.0031365781 -0.76576766 0.5751337 -0.10264201 0.55927497 -0.26326584 -0.26178799 -0.38209339 0.43808697 -0.35471558 0.32229772 -0.1912262 -0.98798165 -0.28515703 -0.58955411 0.016951362 -0.59520387 0.46298755 -0.04553793 -0.088797997 0.32794607 0.48195347 -0.010049376 -0.38560015 -0.88698481 -0.34302488 -0.30860612 0.053528726 -0.17257344 0.34396649 -0.30649164 -0.028520583 0.59199372 0.17091261 -0.030018771
-0.30097222 -0.3166157 -0.42530663 -0.27050343 0.37783292 -0.11094414 -0.67488653 0.88408465 0.1599826 -0.7034717 -0.22092446 0.055443191 0.85229605 -0.55405623 0.48802036 0.69974321 -0.31432715 -0.13875681 -0.51815462 -0.10173057 -0.018294987 0.329825 0.54509174 -0.37404803 -0.98366253 -0.01062239 0.14676876 0.12470884 -0.16333662 0.06237605 0.7577224 0.19086708 -0.18668421 -0.25009891 -0.084926179 0.81836998 -0.091650355 -0.0098971723 -0.24115679 0.54949168 0.97991863 0.22530652 0.041386452 0.018391417 -1.1921534 0.37257543 0.067083208 0.21417103 -0.3557311 -0.19222844 -0.20551247 0.51081149 -0.18937992 1.0413302 0.21543121 -0.63784133 -0.064273147 -0.32583756 -1.0971912 0.79973547 0.35157127 0.26660366 0.08270183 -0.69100878
-0.24180857 0.42089039 -0.52561001 -1.2658847 -0.113553 -0.070878777 0.067781708 0.36425932 0.31880291 0.1293849 0.59776569 -0.75948489 0.25229091 0.31326918 -0.61978114 -0.7514353 -0.37297106 -0.33077072 0.37670973 -0.30726939 -0.42817426 -0.30581687 0.55931617 0.0065216872 -0.089625513 -0.055002749 0.64603017 -0.37458586 0.65775415 0.10524815 -0.080209691 1.2504502 -0.52781974 -0.17684288 -0.61621562 0.47623099 0.84459447 0.83496139 0.61197438 -0.098810234 -0.18262049 -0.83558489 1.0179368 0.23448904 -0.24597845 0.66402844 -0.48638226 0.20331102 -0.086314567 0.31933857 -0.03178677 -0.72546395 0.037788186 0.52443207 -0.014608203 0.38755756 -0.52276474 -0.013130397 -0.31225523 0.37349042 0.015745781 0.34503684 0.54385521 0.34580929
0.13655922 -0.49910613 -0.0013930553 -0.2665452 -0.17203198 -0.18726708 -0.48996279 -0.97866929 -0.33407152 0.096689726 -0.67408852 0.0078411182 0.95013421 0.51152828 0.82177075 0.19556394 0.58375491 -0.36198237 -0.32217013 -1.3695701 0.59307274 0.77016199 -0.27658862 -0.12697585 -0.37693106 0.19132678 0.56246627 -0.87138599 0.20471927 -0.13833589 0.056697196 0.229497 -0.094101219 -0.051793427 -0.10693758 0.4851581 0.20937998 0.11029177 -0.63547586 -0.18928987 0.44933458 0.018848287 0.32976573 0.8832559 0.51930303 0.046579169 -0.25549459 -1.2767748 -0.084192461 -0.16300625 0.1951831 -0.076952613 -0.16019253 -0.88969947 -0.46998391 0.23832552 0.85795382 -0.048762692 0.16390554 0.47623908 -0.40544697 0.18340702 -0.37024505 0.43241222
0.075701524 0.14922591 -0.3912993 0.35351618 1.0423565 -0.50395585 -0.1698795 0.11580374 0.39320311 -0.27977314 -1.4165151 0.67959475 0.38025306 -0.87147377 -0.3037844 0.78409121 0.72389821 0.46932001 -0.088056217 0.041493709 -0.065462903 0.56411989 -0.4379212 -0.40289983 0.50513729 -0.022180728 0.68923368 -0.3357561 -0.02738918 -0.46120649 0.0036813407 -0.73927347 -0.24381671 -0.71812693 0.34696162 0.35829467 -0.86513137 0.66694287 1.2487076 0.023003193 -0.32055713 1.4121653 -0.65948425 0.010053233 0.089811136 0.67257381 0.17986949 -0.24931695 -0.47559219 -0.17091091 -0.50346368 0.02391266 -0.28209809 -0.7470189 0.62757289 -0.24883626 -0.6340684 -0.084129567 0.034185783 -0.87323336 0.16582383 -0.52357878 0.8555144 0.26198026
-0.19995 -0.37258389 -0.052483854 0.30639537 -0.012747064 -0.1085794 0.029185145 -0.30192947 -0.17160296 -1.0428962 0.48686312 0.14939889 -0.38672792 0.94936749 0.04350824 -0.51807179 0.42836871 0.19902411 0.19728999 -0.2128778 0.22524786 -0.13087915 0.27797073 -0.95247223 -0.21693673 0.86107755 -0.38353373 -0.30191915 -0.22398067 -0.60740307 -1.1041404 -0.1152932 0.067929712 -0.026252534 -0.072439281 0.021520435 0.51142074 -0.095223093 -0.28704129 -0.14056274 0.28967338 0.70601344 -0.31407187 0.049466894 0.16917872 -0.496289 0.010208584 -0.73283693 -0.88452515 0.1833732 -0.19193737 0.1011402 -0.0089474885 -0.48820002 -0.022627151 -0.61655065 0.69548618 -0.67798517 -0.097892635 -0.52113579 0.28521059 -0.16571569 -0.25933336 0.42660077
0.014715296 0.25832222 -0.49066297 -0.70240847 0.053603981 -0.15942318 0.31321734 -0.039954226 0.10253767 -0.81169126 0.94421847 -0.082120993 0.34879349 -0.41804584 0.15400495 -0.65142238 0.22603392 -0.17798704 0.014595252 0.34898702 -0.61627016 -0.34224587 0.22866214 1.0491107 -0.069041167 0.29556806 -0.053485735 0.9711228 -0.87361083 0.047310522 -0.81277202 -1.2532858 0.14873103 0.069748898 -0.14241847 -0.053097045 1.5491497 -0.12908757 0.25506218 -0.32468241 0.14761629 -0.11911684 -0.20525924 0.90944927 0.58859248 0.068373324 -1.152106 -0.18050461 1.3515138 -0.11533083 0.55160879 0.7209712 0.10948196 -0.42091082 -1.2176562 0.3420816 -0.407378 0.088075226 -0.62491017 -0.13261877 0.016859527 0.13429679 -0.55741109 0.59845547
-0.29844739 -0.83723473 -0.05451171 0.017187655 0.080294717 0.6810662 -0.11822442 -0.059809812 -0.55159219 0.41027675 0.092154532 -0.21001386 -0.95233735 0.7222061 -0.61383998 -0.295639 0.17917226 -0.59827896 -0.74675489 -1.0619738 0.36049848 -0.27259312 1.463635 -0.49717753 -0.46072551 -0.28269649 0.12156733 -0.23510167 0.30616611 -0.48929419 -0.69079586 -0.89910737 -1.1117871 -0.25903451 -0.15049016 -0.31571851 0.6217029 0.6140151 -0.16740149 -0.89696056 -0.28335255 -0.2999107 -0.32856748 -0.34885945 -0.32673145 -0.19327081 -0.31777055 0.10416125 0.18018436 -0.45532254 0.63553266 -0.49003115 -0.80890031 0.19038904 -0.40870407 0.16064574 -1.2018343 0.69622797 0.3361467 -0.75023827 -0.73938856 0.83613295 -0.36868995 -0.41709242
-1.133026 -0.1753891 -0.11385981 0.35774655 -0.69953921 -0.7601434 0.22548132 0.50336504 -0.78557618 0.54075704 0.018770921 0.54590267 -0.035110181 -1.261139 -0.075983691 0.53007191 -0.44687301 -0.19398248 -0.088066752 -1.4497569 0.83567379 -0.45068784 0.25286772 -0.043350568 0.62880953 0.20302806 -0.11746214 -0.44675755 0.39892535 -0.93672065 0.32294521 -0.54952238 0.62614183 0.080649771 0.32206188 0.040994407 -0.87618855 -0.43036458 0.33619467 0.083327909 0.59049495 0.20163728 -0.48335095 -0.39803207 0.051458695 -1.157022 0.83672094 0.22087337 0.6135173 -0.79030197 0.62228258 1.1157495 -0.66043918 0.3857009 0.00055497234 -0.77221692 0.24644199 0.4168016 -0.30056328 0.58295826 -0.8333817 -0.74737807 0.068298698 0.012692639
-0.35828674 0.40479722 0.26544716 0.42906954 -0.061568218 0.30129013 -0.22282515 1.0269093 -0.40627289 1.0526487 0.017443974 -0.68775544 0.68403968 0.062950694 0.42556205 0.61192796 0.16897778 -0.29612042 0.48785669 0.00037775373 0.34292891 -1.0768653 0.22349086 -0.31929291 0.82665482 0.31154367 0.11992887 0.243155 -0.49922043 0.81162835 0.99568521 0.19645676 0.79520178 -0.2845741 -0.39855678 0.020462374 0.21747052 -0.19699334 0.2688841 0.15319474 -0.49915339 0.25939651 0.43176412 0.085734659 0.57632405 -0.6087019 0.23397521 -0.58514035 -0.55704068 -0.31546542 -0.47103009 -0.27399791 -0.10707516 0.41857724 -0.16057952 -0.79281285 0.57003392 -0.41854507 -0.029360214 0.22326825 0.099805209 0.54708977 0.23950157 -0.43065479
1.0892811 0.097166732 -0.073670113 0.48196271 0.12472547 0.1996141 1.246092 -0.13756071 -0.15888045 0.058289256 0.53575797 -0.75326702 -0.98277795 -0.29355764 -0.81696148 -0.21241567 0.25124985 -0.44537443 -0.71341329 0.034668581 0.43127174 -0.84748672 0.4101162 0.4086531 0.47704255 0.60924011 1.101007 -0.17804602 0.05478579 -0.20821922 0.00098842238 0.76643668 -0.67250724 -0.43052484 0.68859047 0.51001825 -0.18156582 0.427201 0.17060792 0.7501373 0.037254797 0.51281606 1.321006 0.29904958 0.024664083 0.36122349 -0.18264043 1.1939839 0.090035519 -0.13646666 -0.4178445 0.5486101 0.43359371 -0.24867719 0.28822567 -0.75427798 0.092485288 0.22637818 0.8536649 -0.3854094 -0.63917631 -0.44771398 -0.66828425 0.66832868
0.77431965 0.16010829 0.61064747 0.06697919 -0.047555824 -0.16651881 -0.1551955 -0.77390078 0.13212738 -0.020166955 0.37268036 0.046761748 -0.081351851 -0.43559652 0.036076618 0.36911862 -0.5716695 0.043736877 0.11652148 -0.35903239 -0.29392815 0.11530542 -0.56671051 0.17496186 -0.44767719 0.53142685 1.1689139 -0.4303784 0.26710393 -0.36337095 0.52047709 -0.6326292 0.24029338 -0.43649448 -0.10349229 -0.51551264 0.41117524 -0.41849018 0.27598213 -0.17204901 -0.057236186 0.073877954 -0.38091234 0.10518356 0.76516728 -0.38904739 0.58590507 0.74904882 -0.40807749 -0.7275273 0.15098045 -0.27370376 0.93430161 0.01740377 -0.4010997 -0.57357976 0.54495248 -0.28559199 0.0219144 0.47790137 -0.24212918 -0.022964414 -0.0082842049 0.34166226
0.29537217 -0.11005687 0.031824531 -0.18588951 -0.7388062 0.12880043 0.94609588 -0.44185957 -0.38651485 -0.43536389 0.36229589 0.22424273 -0.079268846 -0.45900953 0.046188396 -0.78231106 0.071713283 0.43576219 -0.62559957 -0.76625914 0.78971895 -0.30587982 0.56797392 -0.076998833 -0.080977408 0.21920635 -0.44199943 0.066248572 -0.19074471 -0.66024672 0.16874104 -0.1316539 -0.078512414 -0.60508047 0.79570018 0.43835709 0.48207794 -0.15272235 -0.86459144 0.97645869 -0.030548754 -0.3743999 0.20840079 0.58356039 -0.011525278 0.63928758 0.54149997 -0.53819059 -0.33689505 0.47876858 -1.3563063 -0.074727847 -0.7154156 -0.2382769 -0.14941004 -0.17912219 -0.27613063 -0.54857182 1.1459556 0.933731 -0.58103291 0.79105838 -0.19973275 0.064593737
-0.03163698 -0.32987432 0.49192617 0.062943265 -0.23827571 -0.65229472 -0.44679751 -0.82069006 0.0061117742 -0.5983328 -0.13278026 0.68505093 0.59964979 -0.016138447 -0.043542363 0.93993727 0.26037806 -0.16390323 -0.71300906 0.19693661 0.41466189 -0.31582576 0.14560138 -0.18178665 -0.0920162 -1.243911 -0.1108907 0.48468465 -0.31570128 0.026263184 -0.37797535 0.18022084 -0.1082616 -0.46962077 0.66627573 0.46446601 -0.30245338 0.24889415 0.268706 0.32115062 -0.84712795 0.50330327 -0.28484948 -0.17891397 1.3189409 0.15093669 -0.19316124 -1.1026472 0.69488207 -0.67260484 -0.50171945 -0.16567615 0.7082059 0.38661999 -0.078918755 0.15414603 -0.30019285 0.069826845 0.036668372 0.48438495 0.48358906 0.24698869 -0.18117378 0.37091115
-0.045984233 -0.54095718 -0.2016439 0.042263492 0.45510789 -0.091764086 -0.60459936 0.028370842 0.05672802 0.092918814 0.45993576 0.50946162 -0.29710544 -0.30807173 -0.52009936 0.34940784 0.72441005 -0.15754096 -0.12071528 0.73339128 0.25277893 0.21811785 -0.59545825 0.33936403 -0.46456817 -0.56701009 -0.17338579 -0.29289636 -0.11079985 -0.72049082 0.47940815 0.56384315 -0.97367124 0.4892289 -0.40526431 0.42848777 -0.034223246 0.014387782 -0.092548825 0.6060646 -0.61979401 0.30392017 0.55066508 0.35817004 1.1623495 -0.26447338 0.47865241 -0.053045318 0.61670304 -0.0038444979 -0.19393789 0.6530361 -0.24578097 -0.70636288 -0.25842344 0.30951647 0.69601938 0.055564688 0.65909853 -0.67908746 -0.22163173 -0.14428756 -0.057279714 0.042047194
0.34545548 -0.22240342 0.069514343 -0.022561445 -0.46294495 -0.056833345 -0.071829765 -0.082540283 0.015879728 0.03783677 -0.21614759 0.63635737 -0.58474031 -0.36048505 1.3899818 -0.51899568 -0.67687734 0.36723837 -1.0385599 -0.11763695 1.0729125 -0.77246796 -0.99098224 -0.7495906 0.44917978 0.56238836 -0.2562944 0.3416062 0.69512766 0.89367321 -0.12316764 -1.1507359 -0.41043946 -0.2134021 -0.1294694 -0.093929701 0.5594473 0.63721421 -0.085836827 0.54924244 0.17883068 0.032252986 0.45327208 0.036126024 1.0289056 -0.71920558 -0.25758545 -0.063259448 0.21972635 0.63398024 -0.012199284 -0.71111482 0.42125695 0.37747938 -0.97092933 -0.0019020668 -0.79507092 -0.33232555 -0.45140446 0.40463235 0.058415087 -0.6427955 0.44003298 -0.71690291
0.1650569 -0.40700533 -0.18283854 0.25213537 0.2607247 0.66848454 -0.04112685 0.15322543 -0.21886866 0.090994941 0.21974302 -0.049154924 -0.90187524 0.16573545 0.18228074 -0.34008674 -0.64219352 0.73793958 0.24572276 -0.11454052 -0.56851644 -0.41090741 0.6512952 0.06883097 -0.27529353 0.25484462 -0.40719909 0.75042152 0.67640027 -0.23328704 -0.31433512 -1.3090666 -0.74079039 -0.66973489 0.06759517 -0.16311685 -0.67266774 -0.14058202 0.25266857 0.26391967 -0.94983514 -0.06413174 -0.69167039 0.45086435 0.39207321 -0.44901361 -0.3830226 -0.23063353 -1.1263967 0.16798409 -0.13642227 0.48508754 -0.54920461 -0.30956147 -0.75326263 -0.50214528 -0.590991 0.49798684 -0.34913092 0.062087842 -0.1903817 -0.63473263 -0.084150212 0.29955167
-0.6038797 0.4045564 -0.42486046 -0.24149196 0.26534156 -0.33171808 0.01878743 -0.15734541 0.064684003 -1.1903696 -0.91484091 0.3079835 0.5185907 -0.45524335 -0.12201418 0.14735963 0.3466088 -1.0138386 -0.44302012 -0.16628969 0.3515701 1.2492152 -0.11400286 -0.70348873 0.20113404 0.66049789 0.05400706 -0.45332427 0.47899697 0.33177281 -0.51304042 0.19071281 0.49863278 0.59094502 -0.033224488 -0.17903972 0.61363691 -0.60508025 0.21928965 -0.68501331 0.53268814 -0.12902276 0.63429162 0.24570638 -0.61161012 0.71231387 0.77562263 0.44114325 -0.38079393 -0.15300698 0.072713609 -0.3518552 0.84617329 0.072163236 -1.351674 0.16967791 -0.1740787 -0.037463278 -0.18430968 0.40352321 0.55984389 0.14152658 -0.16965559 -0.020668602
0.0097998083 -0.40121502 0.28946432 0.23002116 0.77022062 0.62767489 -0.34283746 0.41014919 -0.47547669 0.34796605 -0.2583071 -0.51162661 0.14002267 -1.3372836 -0.87548779 -0.088745942 0.041220883 -0.18465939 -0.78971815 -0.40894592 0.19560466 0.29089089 -0.0081115588 0.57841689 0.19869851 -0.37372783 -0.14025103 -0.70143308 -0.054069495 0.55605031 0.34264504 0.70100466 -0.15144262 0.6730499 -0.096652113 0.73579254 -0.010928374 0.35361569 0.73755618 -0.096713814 0.10919449 0.64443171 -0.066501582 -0.66044614 1.0715035 -0.23488223 0.079378025 0.57800333 -0.30424695 -0.50393396 0.12686865 -0.8965382 -0.14395304 0.12251933 -0.13497595 -0.77172547 0.79708898 0.051769077 0.71557606 -0.13001813 -0.44000599 0.13459046 -0.10789356 -0.58888073
0.73489213 -0.31113511 -0.92013319 0.66408303 -0.25214901 -0.30391195 -0.88269379 0.87047074 -0.64474029 0.02922474 0.45631016 0.21085847 -0.029827156 -0.85083293 -0.40486242 0.093900169 -0.39358703 0.10167973 0.3408717 0.48125144 -0.61308968 1.098323 0.38373967 -0.00085707683 0.54476829 1.1827039 -0.71936005 -0.11263132 -1.1892158 0.096325766 0.18269712 -0.019581058 -0.32726679 -1.0247573 0.18676684 0.72771724 -0.29550923 0.22002996 -0.78407216 0.22860653 -0.19669115 -0.38120898 -0.38018182 -0.19680579 0.19121666 -0.6560816 -0.19855767 -0.020735889 -0.54951961 0.8983326 -0.42674774 -0.33471846 -0.48915397 0.89924004 0.27645261 -0.468296 0.55311578 0.10034935 0.12862671 -0.1722386 -0.37470799 0.16888305 -0.27254361 0.90837781
-0.63464555 0.76807839 -0.055659424 0.14954287 0.41657888 -0.31512465 0.43212419 -1.3537719 -0.35999477 -0.4620314 -0.62675301 -0.10747742 0.19287498 0.35133 0.12043838 -0.33284673 0.18450822 0.062142847 0.46802808 0.38846835 0.015238207 -0.4486265 -0.32647508 -0.27489468 -0.15763317 0.13402521 0.3575872 -0.025559347 0.008062394 0.071653153 -0.25795266 -0.46269613 -0.87771895 -0.34757468 0.23657273 -0.35145572 -0.11890352 0.23321564 0.26034475 -0.53976643 0.49852968 0.56367504 -0.56492493 -0.41191843 0.59554534 -0.073426761 -1.109889 -0.69984075 -0.12468481 -0.58152133 -0.20671189 0.016198107 0.7311273 -0.14522696 0.5362709 0.71438008 0.71715483 0.1423773 -0.98164457 0.23041243 0.52419994 -0.040533553 0.87229194 0.42991678
0.28413669 0.54319036 0.16668493 -1.2464052 -0.24956948 0.59858401 -0.40379567 -0.11173625 -0.52241816 0.8919613 0.84074623 -0.44193445 0.073649 -0.34024702 0.30747232 0.25484154 0.40585279 0.16595922 1.4677031 -0.51396188 -0.85530168 -0.1965451 -0.78399413 -0.74623114 -0.50065733 -0.46109445 -0.47730905 0.25910948 -0.25309453 -0.089757287 0.44711639 -0.38316126 -0.13227295 0.18287999 -0.9707839 -1.1924528 0.17305866 0.24600714 1.0321101 0.079047438 0.40986986 -0.097736322 0.14861361 0.83362842 -1.0619964 0.20680813 1.0677934 0.14101711 0.82528648 -0.31460607 -0.016023747 0.016762351 -1.1087955 -0.58408891 -0.54843754 0.41103304 0.43607655 0.16201822 0.41205145 -0.082074706 0.60096583 0.0043942213 0.028932024 -0.13279632
0.34222524 -0.21059941 0.48821569 -0.56607457 -0.54945813 0.34371338 -0.044272107 -0.22694571 0.44502887 -0.30363071 -0.10010063 0.69961398 0.76957117 0.78619911 -0.14106289 0.61535145 -0.47447641 -0.45345144 -1.1752279 0.8364341 -0.43198992 -0.06326629 -0.45516217 0.34758262 -0.18781683 -0.65240845 0.22083128 -0.71686501 -0.41870286 -1.0534446 -0.71197906 0.089264585 -0.98226802 -0.74057286 -0.0011844581 -0.27180345 0.99601832 0.91694827 -0.43396123 0.27856881 0.37464128 -0.29873943 -0.74777077 -0.0061492247 -0.086422837 -0.21788225 0.22115843 -0.3753648 -0.57599877 0.054541485 0.19298505 -0.58832247 0.46404531 -0.88524057 -0.28905673 -0.12900427 -0.31811186 -0.28253024 0.93553724 -0.42544204 1.2206109 0.21856339 0.046027569 0.23812018
1.2649639 -0.4967965 -0.56020896 -0.3774331 0.016071573 -0.86288556 0.01116962 0.84677357 0.075703695 -0.14634273 -0.30908022 0.44925585 -0.41291639 0.92319796 0.96667987 0.1283754 -0.005757544 0.5153299 0.54739925 -0.40299587 -0.26327757 -0.66117372 0.20453247 0.33331394 -0.67496282 -0.22759945 -0.67362696 -0.44939991 0.27550853 -0.36674103 -0.15041298 -0.81365586 0.093495105 -0.02213666 -0.36447963 -0.094507149 0.09014744 -0.40743407 -0.73813127 0.90278722 -0.31663635 -0.048380052 0.50541987 1.7645276 -0.62224322 0.22491361 -0.35377614 -0.26939515 -0.36010601 -0.56282748 -0.020645681 -0.73725134 0.47340378 0.027501468 0.21121749 -0.23309431 -0.18360197 0.14378195 -0.58202532 -0.17899522 -0.42980676 -0.44528441 -1.0549191 0.66966329
-0.34326938 0.58168803 0.53439616 -0.64299985 -0.54420562 1.2802515 0.87546297 -0.015759257 0.12868655 -0.3154232 0.21617636 -0.35859095 -1.0161769 -0.66077789 0.010546374 -0.56553362 -0.033638732 -0.53733052 -0.39117696 0.42658265 0.12374027 -0.0048322107 0.43948199 0.2403043 0.72328165 -0.22992963 -0.21481749 -0.65055463 -0.21449036 0.48238495 0.64999369 0.48015258 -0.89709593 0.54157261 -0.91925931 0.44905866 -0.18389226 0.35126666 -0.66622417 0.58558382 -0.73248737 -0.33422746 -0.49904731 -0.87714243 0.047263784 0.90304456 1.3334526 0.048577894 0.55834064 0.11604732 0.2494416 -0.17107433 0.097538463 0.26873935 -0.28922986 -0.03874715 -0.029215059 0.41320166 -0.53301609 -0.025771104 0.95600273 0.58203008 0.67458952 0.01221592
0.16049878 0.50111808 0.78012776 -0.97580146 -0.65772065 0.65472205 -0.13844468 -0.33586039 -0.62708049 -0.27750835 -0.70118464 1.0455471 -0.011218026 -0.028975271 0.29403834 0.48117258 0.47294408 0.53681097 -0.31542278 -0.1489334 0.38451583 -0.26369453 -0.002553316 0.19938188 0.39259254 -0.88884048 0.35737282 -0.11686203 0.35372886 0.38846585 0.80395753 0.67672682 0.67328583 0.72183516 0.14568949 0.016092544 0.43640854 0.36604048 -0.15453312 0.2024117 -0.017548233 -0.42696645 0.64523037 0.027599621 1.0243541 -0.81274614 -0.27838939 0.016319418 0.56869055 0.19973469 0.15523638 -0.5636319 -0.5784707 0.16125233 -0.682053 -0.26593888 0.25045866 -0.49116214 0.80267798 0.61196817 -0.78571 -0.46618562 -1.1428886 -0.39129568
0.38319424 -0.20694747 0.23039862 -0.76116716 0.39898763 -0.27755461 0.0060848411 -0.046437251 -0.63577426 -0.57654217 0.48389723 0.19949608 0.52502452 0.16232912 0.071495317 -0.86300531 -0.13518335 -0.01369216 0.9765536 0.34347832 0.76803059 0.29876885 -0.35565161 0.058562108 0.11811182 -0.46957778 -0.19219369 -0.1028835 0.80280992 -1.0403703 0.60290921 -0.46839762 -0.68603959 0.58997107 0.36594903 0.62725935 0.40035097 1.0299225 0.27936192 -0.078238688 0.17146319 0.62173456 -0.38968766 -0.32594429 -0.15448001 -1.0522914 0.069039204 -0.94306435 0.026529656 0.43264488 -0.23843823 0.83855794 -0.73025045 0.59563034 0.33756853 -0.85801662 1.3553971 -0.031872643 -0.43874201 -0.7035436 -0.11000901 -0.063703436 0.051322764 -0.14889808
0.31661266 -0.19381492 -0.96748206 -0.074680748 -1.1837388 0.17688532 -0.48965012 0.081680177 0.65703749 -0.47437435 0.53062813 -0.21669478 0.8765974 -0.18257631 -0.42024649 0.34361923 -0.21789486 -0.42072476 -0.23891993 -0.022303266 0.67109007 -0.96704387 0.011540329 0.3124518 0.096724287 0.65493258 -0.037172665 -0.092275721 0.29616477 0.049656907 -0.19520437 0.25807202 -0.32626415 -0.30558858 -0.26399701 0.67653458 -1.6105082 0.19779942 0.017135907 -0.84043523 0.15486339 0.237876 0.29481962 -1.325914 0.68319471 -0.36886835 0.34328387 0.37053689 -0.43834854 0.33022998 -0.19274662 -1.0356886 0.58387096 -0.38752248 -0.42724673 -0.20153293 0.13611836 -0.028635205 0.27403346 -0.66974468 -0.37119319 -0.057998536 0.94894365 -0.056906269
0.54261113 0.019277584 -0.24182932 -0.12336221 -0.084209856 0.30182287 0.68730563 0.17984042 0.59353884 -0.48239487 -0.20731525 -0.36215127 0.1572223 -0.17947919 0.36488647 -0.46550086 0.021515487 0.34342896 -1.0326514 1.0608157 -0.14157594 -1.01252 0.079046949 0.016721734 -0.04094719 0.49559556 0.37372249 0.1489381 0.22507782 -0.052179225 0.88774542 -0.73959801 0.069825837 0.032512316 0.4066402 -0.42192694 -0.8718363 0.078411508 0.14061525 0.7447997 -0.63518102 0.57734688 1.1837072 -0.18888244 -0.64547111 -0.20348718 0.0070024837 0.28189394 -0.29569736 0.77759927 -0.55726616 -0.86960258 0.55335521 -1.1373105 -0.10206488 1.5588406 -0.0060217765 -0.56038383 -0.028698732 -0.025400394 0.08032497 0.33113149 -0.51955558 0.84377403
0.12255714 0.36339702 -0.3140747 0.64319107 -0.1285262 0.13877626 -0.46655304 -0.49846581 0.34410265 -0.22180342 -0.42691154 -0.32159167 0.34947654 -0.31451893 -0.058827466 0.0075138751 -0.95867444 -0.7355632 0.16813894 -0.36851468 0.52836246 0.48340355 0.35958433 0.90988589 -0.041544664 0.32444096 -0.29220049 1.226185 0.99181683 0.0059402173 0.19329311 0.6796488 -0.073569752 -0.32831204 0.43699488 0.039219623 0.091497225 -0.41713567 -0.85883607 0.1180712 0.45248102 -0.11290337 0.71821476 -0.35195816 -0.52735223 -0.033615154 -0.041296288 0.38498437 -0.38748141 0.68404712 0.98345848 -0.019572013 0.62485521 -0.52824854 0.53761077 0.5236382 0.43171864 -0.0077815444 -1.4771245 -0.32086357 -0.31295801 -0.48912747 0.061121502 -0.20948172
-0.412306 -0.52940007 -0.35775649 0.56074961 -0.33051253 -0.25746935 -0.22834881 0.16949676 0.22812474 -1.5223283 0.51081761 0.71818402 -0.52509327 -0.48614912 -0.22512669 -0.37800201 0.11196344 -0.97326264 -0.5589638 0.7695986 -0.46410998 0.62171414 0.1776691 -0.90463386 0.3176646 -0.058833651 -0.22773353 0.12247855 0.23731674 0.35379591 0.58912642 0.20406796 -0.68781704 -0.23682273 1.4715242 0.36224553 1.1846437 0.69771704 0.12090104 0.15070353 -0.01829002 -0.86890231 0.0090236262 0.60533728 -0.29982 0.2059765 0.42579552 -0.45484022 -0.22565143 -0.50895575 -0.4110828 -0.64380264 -0.45022423 0.70972784 -0.45773851 0.06322961 -0.25143438 0.58943297 0.65558115 0.43203499 0.15306728 -0.11552977 -0.59593735 0.97176444
-0.37983651 0.33182317 0.52978279 -0.27764025 0.51900626 0.3821066 0.86398192 -0.23467323 -0.64293201 -0.25274488 0.10442677 0.029106364 -0.19671895 -0.95459873 0.2352415 0.98617224 0.23212562 0.30456776 0.28622265 0.19852333 0.46583298 0.19768684 -0.15633858 -0.39799446 -0.12448683 0.15706475 -0.15804148 0.15716934 0.21957507 0.41658972 0.64139748 0.039003709 -0.65388828 -0.17255205 0.022031284 -0.91788438 0.69433226 0.071188956 0.19067642 0.68276323 -0.31507142 0.28702097 -0.054932062 -0.092043434 -0.38609619 0.83280161 -0.18775002 0.34973212 -0.93750369 0.58999426 0.52610558 0.048717055 -0.11347123 0.2 1.1443953 -0.88161835 0.39101369 -0.45580865 -0.0099591981 -0.12394006 -0.21415913 -0.0052325645 -0.56708557 0.51459022
-0.89707176 0.26988226 -0.16326793 -0.58546245 0.10119169 -0.77847554 0.019856911 -0.71143845 0.23063604 -0.46217867 -0.22549701 0.14697469 -0.38627106 -0.028982 -0.75691525 0.3154378 0.8824569 1.3961044 0.045584073 0.39410207 -0.89031284 0.75136716 0.38811425 -0.24196672 0.6185904 -0.12723804 -0.22901259 0.23766746 -0.53167725 0.51081238 -0.52799491 -0.52502739 -0.45484489 0.37975002 -0.30838768 -0.67399789 -0.30284 -0.016021185 -0.59048624 -0.57584055 1.0556482 -0.4302827 -0.16152118 -0.1836185 -0.2106784 0.31067337 0.47407148 -0.15297722 -0.61823914 0.63722011 -0.047670546 0.86516091 -1.1227929 0.097701611 0.95930317 -0.17663207 -0.11274671 0.14775585 -0.27939791 -0.15603597 -0.16890755 -0.31371037 0.61442828 0.23053902
0.12531412 0.4042855 -0.13217792 -0.38710191 -0.30131215 0.00089152055 -0.52960585 -0.25013051 -0.25805832 1.0622781 -1.3869075 -0.089809861 0.8628469 0.060922232 0.37670874 0.049913158 -0.33366669 -1.120958 0.10272784 -0.3878033 -0.4001677 -0.24949363 0.8724307 1.2024188 0.10860397 -0.23238361 -0.58861321 0.23427008 0.8914528 -0.12367019 -1.189498 0.33502484 0.49269986 -0.79292282 0.088242092 0.22561301 -0.036553651 -0.39538546 0.50796861 -0.20168987 -0.74259308 -1.0247372 0.63042476 0.30833199 0.043986774 -0.22013732 -0.26449921 -0.53786832 -0.21572782 -1.0600436 -0.36803183 -0.15546876 0.30494002 -0.019963232 0.39746156 0.67456755 0.52908505 0.23525492 0.0059313396 -0.490394 0.36997203 0.83987369 0.17105302 0.95862957
-0.76278585 -0.57708169 0.42760075 0.13214511 0.65689109 -0.0077358204 -0.43398771 -0.10679662 -0.76634199 -0.56429534 0.486222 0.43639371 0.18150214 -0.86053876 -0.17920179 -0.61249994 0.58826663 -0.29186107 -0.54287386 0.014898083 -0.32007723 0.74187196 -0.36740545 -0.69961413 -1.0764568 -0.015393251 -0.28096506 -0.7144523 0.59461323 0.33362257 -0.014108939 0.68216312 0.33126802 -0.41142795 -0.51961008 0.40899077 0.19818348 0.084873884 -0.4232489 0.30397378 -0.37774944 -0.050993327 0.72347207 -0.33041712 -0.78649463 -0.5262736 0.49714941 0.12736557 -0.064438689 -0.2545469 0.24267995 -0.42455243 0.15283278 -0.36562728 -0.44882969 -0.31874372 -0.18770372 -0.024414918 0.1177279 -1.8441826 -0.40382528 -0.19578499 0.75253102 -0.5400013
0.081398309 0.74751515 -0.65648426 0.19698761 -0.40113592 -0.25231687 -0.40155542 -0.36592865 1.3609561 0.42222794 0.55086893 0.24599674 -0.80312839 0.19747899 0.53646481 -0.42669974 0.48266333 0.3521681 0.92602002 -0.20889151 -0.54880549 -0.18081405 0.7177855 -0.91420294 -1.0341879 0.044697639 -0.22129465 0.0038639466 0.47265589 -0.27628467 -0.93650292 1.0222408 -0.49861414 -0.52951856 0.55186001 -0.19224456 -0.031694926 0.24139506 0.54179155 -0.16673035 0.759976 -1.0678999 0.37989362 -0.41976378 0.68613566 0.071022239 -0.33645267 0.33142055 0.44659417 0.32094706 -0.51484812 -0.24200856 -0.0020364186 -0.020629826 0.37487274 -1.0074506 0.16716353 -0.14499068 -0.41925031 -0.37124339 -0.10726883 -1.8005426 -0.35064479 -0.43790741
0.2663916 -0.40276334 -0.1075569 0.77113831 0.49717576 0.4511357 -0.24993622 0.27151614 -0.1169489 -0.098046605 0.20484267 -0.29849679 0.74650155 -0.08006507 0.30918028 0.72780024 0.51582689 -0.70445955 0.22244795 0.4253597 0.44593151 -0.55664742 -0.32851762 0.49727912 -0.38088019 -0.14984803 0.7879379 -0.023899625 -0.36338707 -0.43880868 0.16635966 -0.666574 -0.12366798 0.16661527 0.64957491 0.33377404 -0.35703256 0.58920966 -0.14975752 -0.61785151 -0.08602068 0.7190846 0.082620025 0.0062609322 0.81860582 -0.71567742 -0.64279956 -0.80792324 0.18632409 0.083246564 0.77136818 0.12173754 -0.20207858 0.00089743644 0.058853709 -0.83588064 1.3551658 0.25993551 0.10500415 0.30758199 0.35470549 -0.070276743 -0.31562057 0.29972534
0.19285542 -0.40494505 0.70951781 0.14667602 0.36490968 0.69596044 0.010944411 0.158476 0.40501362 -0.36243054 0.027025831 0.062774293 -0.47802928 1.1588184 -0.70364672 -0.64905195 0.65711329 0.35663313 -0.51298241 0.30364451 0.73392522 -0.015131529 1.2994115 -0.86203091 0.34691173 0.58326417 0.44567195 -0.10217786 -0.14522074 0.22207259 0.40787724 0.30123672 0.52002895 -0.50943498 -0.11388549 -0.47000797 -0.19305639 0.50761045 0.05399196 1.3034296 0.096703184 0.02984594 0.05309146 -0.31890435 -0.028918306 0.56389401 0.056985334 -0.39672986 -0.46254231 -0.22510095 0.036931717 0.59679327 -0.67024432 -0.15991314 0.07215501 -0.91685288 -0.41679914 -0.33994427 -0.39798519 0.095944773 -0.080279805 -0.27764305 0.21398131 0.86153736
0.81962826 -0.96138589 0.28853609 -0.089011645 0.077577671 -0.19914152 0.058794315 0.075703698 -0.28947588 -0.44818377 -0.22434784 0.11712963 0.29949817 0.42667449 -0.24709501 0.14192228 0.4812513 0.58279745 -0.029416427 -0.11046586 0.095562117 -0.57485374 -0.096804756 0.3722932 0.32097356 -0.1351338 0.1088591 -0.41232517 0.35174607 -0.038910718 -0.13797573 -0.18086192 -0.031446933 -0.22393882 0.32907152 -0.19764177 0.79648205 0.73260525 -0.44577174 0.034852135 -0.32532831 -0.16332378 1.0012137 -0.15378571 0.18011302 0.27066065 -0.50031469 -0.42754774 -0.60301119 -0.44298537 -1.4250151 0.2722912 1.0270969 0.07391037 -0.70813443 -0.32138819 -0.22943842 -0.50879239 0.43009132 0.40513002 -0.5777259 0.36254052 0.76340633 0.9512791
1.432606 -0.45099632 1.4121102 -0.17710319 -0.29623273 0.16353619 -0.29103067 0.19952207 -0.66003859 -0.1193763 0.64279112 -0.028530646 0.070797893 0.2376293 0.58533081 -0.82761236 0.29226203 -0.13406957 0.083318948 0.52997508 -0.59709333 -0.50632222 -0.96771498 -0.27457947 0.66521617 -0.060293594 -0.67006245 -0.24283937 -0.74393085 -0.56259305 0.19440946 -0.58693666 0.55631715 -0.035560145 0.042797352 -0.13918648 0.38642392 0.39157994 0.16752718 0.28239455 -0.10604483 0.2711015 -0.16893889 0.0011158111 -0.13732187 -0.22860927 -0.3445559 0.23384505 0.65530296 0.58555099 -0.62828267 0.64460153 -0.15907925 0.30036651 -0.45310767 0.070989957 0.15686159 -0.7423024 0.30413358 0.6729675 -0.087323973 0.68008407 -0.094846747 0.42479227
-1.109285 1.2093889 0.74772912 -0.14231275 -0.98604451 0.14401418 -0.72196277 0.22242677 0.20578286 -0.47070158 0.56048351 0.40278735 0.48791167 0.0044288518 -0.70776203 0.48893614 -0.1351857 -0.69489007 0.67601968 1.0497038 -0.020624064 1.0795606 0.045657364 -0.19022795 -0.31522923 0.8185412 -0.39007194 0.36763465 -0.27958192 -0.23015338 0.51512485 -0.19001842 -0.20239769 0.56640235 0.79869865 0.3223449 -0.32738489 -0.25530425 0.039957632 0.16046503 -0.49393296 0.36151897 0.042756665 -0.85785416 -0.46446324 -0.25206434 -0.036428844 0.9446394 0.11908565 -0.42038594 0.1103154 -0.17604387 0.16237912 0.29028384 0.60461532 -0.012143248 0.81948026 0.45401133 -0.35371977 1.1049278 0.16349726 -0.41756225 0.82645653 1.0388888
-0.016512632 -0.25182513 -0.086187479 0.35736586 0.63892833 0.28524367 0.050861604 0.74900589 -0.15641824 0.51545967 -0.1440314 0.21551148 -0.056781282 -0.027926091 -0.18869326 0.67242702 -0.36646302 -0.37011613 1.0604968 0.48892378 -1.1925568 -0.28262937 -0.90599467 -0.47534535 -1.5692573 -0.068494789 -0.57097091 0.029952628 -0.81256063 0.041455927 -0.20745814 0.75097648 0.70567843 0.3926728 -0.16330689 0.9926902 -0.77651764 -0.70177931 -0.04189155 1.1270191 -0.10116945 -0.091622622 -0.72095518 0.47296479 0.47658813 0.3945376 -0.31461034 -0.35335338 -0.64656113 0.041936251 -0.54020366 -0.58870825 -0.21184536 -0.24457809 -0.26898926 0.2332223 0.039523901 -0.14407802 0.091506464 -0.49576352 0.052639312 0.075301246 -0.75152343 0.49784688
-0.44071685 0.0451549 0.58220587 0.46283838 0.017166694 -0.1812495 0.47375595 0.33734749 -0.30918251 -0.39744682 -1.0361776 0.077015921 -0.041348873 0.56809569 0.17952755 0.6671146 -0.34868211 0.56907517 -0.26445819 0.38879803 -0.7293792 0.11756765 -0.99234397 -0.13356874 0.220177 -0.26048428 -0.52521881 0.42305923 -0.051731395 -0.24478532 0.020947961 1.3183346 0.57675142 0.58128683 0.21777316 0.083242636 -1.1980411 -0.33949017 -0.24028721 -0.93744603 -0.5787079 -0.99041824 -0.019161918 0.40938299 0.55338726 0.20739223 -0.48169817 -0.96603258 -0.87843435 -0.63449129 -0.44442985 -0.079874249 -0.50708211 0.16948795 -0.11613675 0.0052728559 0.57012528 -0.59011587 0.20935229 -0.0069866142 -0.16674314 0.44262816 0.43950708 -0.4732454
-0.091080292 0.14060584 -0.13650337 0.29251067 0.14059601 0.91628062 -0.76513957 -0.061217995 -0.45425126 0.30205373 -0.80858595 0.17315636 -0.31502422 -0.36708093 -0.7232491 -0.23253797 0.54225027 -0.012594342 0.31384021 0.83232091 0.13187779 -0.27939979 0.23362611 -0.27214807 -0.25221134 -0.7599464 0.46312875 -0.19300129 0.091049123 -0.51798096 0.21797381 -0.38097062 -0.070854361 0.43891302 0.39537966 -0.011015036 -0.88406552 1.4964053 0.87292949 0.36133741 -0.37660189 -0.056796081 -0.27171021 0.63192797 0.13125145 -0.39208193 -0.23537755 0.56059407 0.80004892 0.76416578 0.37851603 -0.12631243 -1.6207569 0.14858001 -0.00091437942 0.069991048 0.026948674 -0.66313108 0.27870428 0.31610816 0.34116939 0.4732885 0.30202582 -0.20501471
-0.035418424 0.045562434 0.053849725 0.49910883 0.32183438 1.0386717 1.1032345 0.039824791 -1.9183278 0.61841623 -0.27018817 -0.40074196 -0.19922264 -0.22332152 0.30613491 -0.77971789 -0.53886037 0.17157928 0.31147202 0.32077082 -0.39351814 -0.48913282 -0.25331742 0.11993638 0.74273868 -1.0237186 -0.11036438 -0.66633922 -0.82612134 0.48347832 0.27231229 0.22471676 0.46051292 -0.23985945 -0.21631876 1.0928653 -0.12328553 0.36756606 0.0031907705 -0.92412927 -1.0223145 -0.28949211 0.52805063 0.39414583 0.45703858 -0.49352309 0.80793625 -0.48244665 0.1064122 -0.005176145 -0.08693691 0.66929607 -0.35255526 -0.67480263 0.0099977431 -0.19991337 1.6886915 0.33825374 -0.20467029 -0.52805578 -0.94014421 -0.51260954 0.057470886 0.71366433
0.56084457 0.11454742 -0.16158383 0.13440618 -0.259319 0.859182 -0.094595091 -0.043168929 -1.1079112 -0.097717423 0.41824207 -0.53386129 -0.37536017 0.39635551 -0.73832861 0.5289005 -0.26607195 -0.19428411 -0.5619392 0.18902313 1.229936 0.39074862 -0.43214263 0.56781029 -0.15833977 0.68724249 0.4033382 -1.4715708 -0.50203982 0.47219261 0.075828636 -0.51187797 -0.31679476 -0.95311831 -0.044186644 1.1053449 0.4024667 1.0952085 0.44119854 0.51373967 0.98703934 0.18863163 -0.093613661 0.51632876 0.72692012 -0.23998232 -0.36078454 0.069428016 0.41574943 0.39904552 -0.7120838 0.95580303 -0.32058246 -0.1325325 -0.45132718 1.3491644 0.12103534 -0.42548754 0.43196177 0.38456789 -0.093863512 0.42030336 -0.41264598 -0.24645914
-1.0051083 -0.66197554 0.9038154 0.82071431 0.032894324 0.83146572 -0.080037243 -0.12170515 0.028255324 -0.062460798 -0.10759816 0.57169905 0.075067827 0.35624088 0.51569026 0.1940929 -0.48513566 -0.67643294 0.074390317 -0.085628152 0.043695714 -0.0080270196 1.2917868 -0.66511313 -0.99497313 0.16618842 -0.18821128 0.15803393 0.29194151 0.64205235 -0.75361291 -0.27835895 0.21438063 0.3852318 1.0967248 0.47785199 -0.028394298 -0.44521788 -0.28214493 -0.29635141 0.32761681 0.12849872 -0.66182479 -0.21795073 0.43877378 0.17583118 0.28432231 0.19146086 0.81321537 0.11802153 -0.1930114 -0.45787752 0.12480473 -1.220352 -0.092144501 -0.10291993 -0.68223543 -0.46413292 0.40482877 0.11535587 0.050894167 0.15317377 0.046313794 0.62143128
0.061714591 -0.72910656 0.81506498 0.18517013 -0.29462687 -0.62670086 0.19795711 -0.058586002 0.78707339 -0.17295364 -0.41869039 0.44789811 0.46264095 0.084325684 0.33817852 -0.01884356 0.11693255 0.58249544 0.31265917 -0.084637219 0.67618127 -1.1824277 1.0260367 -0.85297955 -0.31354641 -0.020458768 -0.073240335 0.50320552 -0.52891831 0.13038341 -0.28910605 0.14757049 -0.03238613 0.046467826 -0.27496242 -0.25503198 0.14363626 0.47185775 -0.29913967 -0.43438377 0.30673008 -0.016251947 0.41524907 -0.45289861 -0.88971946 -0.26650204 -0.3831763 -0.0393942 -0.31842261 0.37050848 -0.14407513 0.075237249 0.078817279 0.097477546 -0.012064555 0.25530035 -0.39782757 0.69970896 -0.11826869 -0.65577457 0.094036678 -0.42559024 0.33266727 1.1048028
-0.39328605 0.16618617 -0.87775279 0.22695261 -0.4428569 -0.31241731 -0.55064324 0.36607561 0.50365218 0.011692607 -0.43221335 0.79476152 -0.37520506 -1.0810161 0.2291945 -0.55238734 0.4943044 -0.19056885 0.30185662 0.70075017 -0.60442943 -0.28296857 -0.037835536 0.76877566 -0.32919136 -0.29725185 0.23907029 -0.28861436 0.076262941 -0.77576871 1.107165 -0.67385462 -0.16087635 -0.016240518 0.95634407 -0.66242289 0.99185207 0.37858841 0.20854766 -0.49231684 0.28557062 -0.36174331 0.63333063 -0.48553101 -0.056579247 -0.27763654 -0.49376148 0.37065991 0.26772937 0.6045051 -0.88993755 0.53208535 1.2527245 -0.22582054 0.94757431 -0.13158064 -0.68620487 -0.15281622 0.52410198 -0.41908824 -0.30016933 0.29676972 0.0015300584 0.29231148
0.11891477 0.23981266 -0.21615059 0.11586547 -0.4636865 0.64421681 -0.31713736 0.56442374 -0.11680348 0.10099951 -0.24748228 -0.50799772 -0.87238019 -0.52766208 -0.16195443 0.10593959 0.50518966 -0.22287873 -0.44098038 -0.72135739 0.24003181 0.69159726 0.63316513 0.35496637 0.31927166 0.84881189 0.16604073 0.32306484 -0.16039193 -0.68102169 -0.34192445 -0.0045795193 0.030392686 0.96314293 0.040638584 0.58942172 -0.21753862 -0.15583794 -0.66450382 -0.37116401 0.2634907 0.0037800902 0.47146931 0.090626974 -0.17622687 1.0741484 -0.046951784 0.58150048 -0.2006046 0.35479974 0.46400783 0.10424599 -1.1772415 0.0091262304 0.61523002 0.26374042 0.22291944 -0.86112847 -0.36022754 0.20567882 0.20519164 0.60733339 -0.072433378 0.20291204
0.008187121 -0.49347137 -1.1278957 0.21550485 0.086973604 -0.30908752 -0.80958653 0.31486976 -0.13296004 0.27843736 0.93202427 -1.0707154 -0.3498004 -0.10468781 0.72741309 -0.81820151 0.96793051 0.067927951 -0.048000331 -0.099029882 -0.21813152 0.52405838 -0.53426038 0.17270709 -0.19209083 -0.38106672 1.2929876 0.20952537 0.30663277 0.56888839 -0.71067497 0.87614595 -1.2544786 -0.38438321 -0.22951584 0.29086168 0.10935913 -0.08340737 -0.0059986723 -0.48901151 -0.7486162 0.36325581 0.34685306 0.79224719 -0.39500855 0.34640761 -0.14185336 0.59523749 0.51098139 0.1056047 -0.16976508 0.48046609 0.32345226 -0.3422202 -0.66389934 -0.14426645 0.75770691 0.57324358 -0.55616373 -0.58387871 0.63734192 -0.56781795 0.25464766 -0.30803561
0.80852246 -0.3852124 0.57168077 0.092429327 0.12609743 -0.98515429 -1.1014567 -0.11028297 0.12345303 -0.56259891 -0.54434671 0.28073631 0.28142724 -0.06887053 0.39010086 -0.58710115 -0.17796746 0.8239388 0.034161065 0.063156257 1.1529733 -0.69967108 0.39821518 0.83199314 -0.16242896 0.42981539 -0.49100975 -0.3433662 0.19248321 0.39928334 0.56046826 0.78481429 -0.033723279 0.59680588 -0.17115242 0.45104566 0.1037444 0.22283895 0.21175394 -0.8023525 -0.56206093 0.05127072 -0.84363954 0.41560555 0.43577798 0.16358528 -0.56056701 0.69006947 1.0186053 0.073538414 0.25526769 0.10086933 0.26518459 -0.059779378 -0.01728212 0.4528588 1.1728121 -0.70003562 -0.051906242 -0.59023024 0.79601245 -0.29386898 -0.7216004 0.3190935
0.87215556 0.33179893 0.10239894 0.20457046 0.70742033 -0.43709964 -0.055923552 -0.22634507 -0.58393265 -0.16418763 0.55386055 0.28330107 0.32215525 0.073237806 0.26166189 -0.40029517 -0.15475494 0.096002118 0.13875793 0.16009393 -0.069167641 -0.1887117 1.5788856 0.45339364 0.20657374 -0.11660425 -0.22560941 -0.065400297 0.14641442 -0.94021777 -0.7846948 -0.31844119 0.10356972 -0.11963657 0.73906061 -0.74119839 -0.37567273 0.76004587 0.065559662 0.44242129 1.0256235 -0.34690221 -0.049657169 -0.13621345 -0.9772965 -0.1551984 0.44053109 0.27029477 0.30954158 -0.18775449 -0.32804862 0.63462784 -0.24865857 0.14704102 0.08166734 0.73085851 0.48570618 -0.64762931 -0.59377658 0.28945491 -0.032168824 -0.22758589 0.50781394 0.093729691
0.026228693 0.38991432 -0.1875545 0.78425949 -0.39402381 0.32846453 0.71691642 -0.68864774 -0.17166759 0.5711037 0.57862227 -0.0857478 -0.36733555 0.47796791 0.59177455 -0.58233167 -0.60195682 0.11262834 0.31468032 -0.14953454 0.33964691 -0.3550683 -1.0573468 -0.21195054 0.031616073 -0.13791998 -0.57930163 -0.90782449 -0.2570444 0.44882789 0.62809872 0.59385669 -0.40795477 -0.57685316 0.24831731 0.31755001 0.2000848 -1.0070316 -0.43344229 -0.014844395 0.2436091 0.38365368 0.072126761 0.1653919 0.042432729 0.34280969 0.15643283 0.03286883 -0.1341844 0.040645713 0.24229569 0.13373769 0.19041321 0.67136093 0.13258196 -0.32449926 0.44180339 -0.68309917 -0.54070669 0.16792363 0.25819833 -0.62252561 -0.19140874 -0.30304192
-0.24333816 0.47179889 0.35325273 -0.0095610899 -0.27298096 -0.67482484 0.71009247 0.29605695 -0.35333455 0.35979975 -0.03511181 -0.14355475 0.21760576 -0.37074912 -0.17187826 0.060730532 -0.2497256 0.33454261 0.93453325 -0.37714907 -0.83256265 -1.0008701 -0.075234071 -0.3315823 0.10393025 0.066298836 -0.80160842 -0.90744191 0.14796662 0.067714417 -0.212909 -0.82857179 0.23569563 0.63594977 0.13899122 -0.42373695 0.022276083 -0.68305704 0.52898036 0.040922167 -0.88407846 -0.15033718 0.23165076 -0.16652381 -0.13794786 -0.6122011 0.28327049 -0.3242346 -1.0782227 -0.18562869 0.49057486 -0.19346472 0.86899249 0.21448397 0.16937908 -0.064199133 -0.034143104 -0.13171182 -0.1511347 0.26543358 -0.46791561 -0.53794691 -0.56159753 1.0228273
0.26517145 0.1522461 -0.52875734 0.31167115 -0.058285673 0.10708447 -0.48831016 0.080134429 -0.21191677 -0.38280558 0.36705317 -0.7688539 0.28238813 0.34224307 -0.43982184 -0.41016423 -0.11151284 0.14101811 -0.076427496 0.21678123 0.88148983 -0.25385838 -0.85758999 0.41296179 0.84165729 0.19638418 -0.54387434 -0.061946182 -0.55926174 0.32142775 -0.6756452 -0.15006439 -0.50216891 0.063412343 -0.18317084 0.088381052 0.011175277 -0.49332951 0.31343853 -0.024382826 -0.4942645 1.1204633 0.23821508 -0.076630277 0.70760226 0.9209078 -0.072674711 0.17369874 -0.49400141 -0.073596375 -0.099531277 0.092413517 0.16638024 0.27991422 0.11882133 -0.60537131 -0.46923355 -0.27320381 -0.1411203 0.52538715 -0.58146949 -0.17870752 0.47650475 -0.14993874
0.23020782 -0.069771021 0.12839163 -0.11423627 0.33353274 -0.7725282 -0.181656 0.14828634 0.26684762 0.74647631 -0.19551233 0.73974088 -0.32951191 0.66432321 0.40873356 -0.45672929 0.15351962 -0.025617918 0.3127923 -0.11163579 -0.15362311 0.68454729 -0.049360447 0.41321116 -0.11267574 0.83333163 -0.33916731 -0.30707177 0.76225859 -0.2224732 0.80053715 0.44592029 -0.077324853 -0.90664674 -0.0096591521 0.050815027 0.58360887 0.79422359 -0.34249359 0.40059088 0.38270108 0.53670635 0.24934496 -0.97124885 -0.077711216 -0.57785379 -0.10130289 0.49000212 0.15257542 0.57404543 0.17087696 -0.64916297 -1.2604235 0.074404381 -0.10696323 -0.48847287 -0.85031362 -0.36737161 -0.097245742 0.33293891 0.094315541 0.80403362 -0.51780203 0.44052945
0.023649372 0.34733456 -0.21825743 0.53584019 0.14761238 -0.33972249 -0.0060120145 -0.11977793 0.24458918 -0.58988837 -0.014675851 0.19765363 0.016511654 0.67347062 0.38701139 -0.0037403984 0.10834455 0.14783278 0.2016498 -0.912829 -0.15076315 -0.74221953 0.63914047 -0.03042476 -0.096670475 0.44839867 0.2111624 -0.56431726 -0.035452681 -0.16758349 -0.87226644 -0.34513812 -0.091770161 -0.057475466 -0.74111571 0.57583279 -0.051051529 0.018776538 0.20032082 -0.39403813 0.22817799 -0.18353732 -0.44829277 0.28672375 0.74583693 0.36241469 0.46148878 -0.2603153 -0.79880986 0.74506876 1.0272574 0.77140339 -0.16789297 -0.57731717 -0.53284135 -0.84186628 -0.053689309 0.80283898 -0.070831316 0.15116145 0.68779848 -0.20204766 1.0177657 0.9960472
-0.065555669 -0.28876713 0.34861902 -0.17376247 -0.57827761 0.64061933 0.60822369 0.077755802 -0.63143238 -0.61476313 0.053614644 -0.24993552 -0.17054647 0.51098158 0.36658966 0.68907134 -0.49531161 -0.17159578 0.37949085 0.22403917 0.76619019 0.21026835 0.92405455 0.2700089 0.53108372 -0.16175747 0.0071436059 0.4554722 0.80648909 0.36461847 -0.041585886 0.68866751 -1.0959893 -0.71111725 0.34081711 0.0070541781 0.30275683 0.032203761 0.28547285 -0.40720141 0.28524304 0.49720726 0.6102753 1.0067771 0.12204922 0.13695554 -0.76158623 -0.2657057 -0.096541037 0.52515978 -0.30550056 0.39817001 -0.00081085848 -0.088584058 0.12444698 -0.19557819 -0.21451862 -0.85239295 -0.1239771 -0.23998407 -0.25799049 0.20843653 0.32931598 0.11609725
0.4977076 0.28778096 -0.14752809 -0.23142814 0.15641112 0.28688355 0.69892215 0.59558652 -0.2707365 -0.05100314 0.3355089 0.53399889 0.46948473 -0.031938916 -0.62701133 -0.49946819 0.13631676 0.17111279 -0.54933969 0.022284805 0.31561218 -0.57561333 0.5524986 -0.18876557 0.62880656 -0.26672622 -0.51331274 -0.22906849 -0.047574062 -0.19423995 -0.10800071 0.16698257 -0.085589685 -0.033056197 -0.8546132 0.19584901 -0.044601649 0.80514649 -0.46978258 -0.90414766 0.30903425 0.17326351 -0.50421651 -0.76487448 0.76869837 0.7070552 -1.2437284 -0.22911151 0.83209603 -0.23803128 -0.24530612 -0.14137966 -0.56044849 -0.85238787 0.52627366 -0.92146845 0.12363573 0.44328975 -0.72561315 -0.4621342 0.60658959 0.26644586 -0.30864285 0.6011245
0.60326786 0.13452635 -0.45008011 -0.20672435 0.14319337 -0.094297415 0.46947859 -0.76488704 -0.74713176 0.090435556 -0.24577221 -0.31352431 -0.88402836 0.0097729224 -0.026377554 0.32673949 0.034453067 -0.066302039 0.58850032 -0.65623365 0.26819461 -0.83557358 -0.41918094 -0.60632857 0.39097127 -0.032705117 -0.0067516223 -0.55336649 -0.14984675 -0.38173265 0.19172751 -0.49554557 0.66489718 -0.83779022 -0.40325992 0.83860025 -0.21756937 -0.65743933 0.10953578 -0.23769612 -0.41793513 -0.54793541 1.3841868 -0.12577595 -0.96278368 0.74685488 0.30553545 -0.38323322 -0.46655954 0.3367364 -0.12345916 -0.96298891 0.89361998 -0.21699523 0.74778587 0.63921748 -0.50050477 0.51659493 -0.32572127 -0.93335029 -0.21229908 0.19881875 -0.23136832 -0.15352417
0.57178302 0.05324699 -0.42164916 0.35101516 0.098837783 -1.2608024 0.21417646 0.19591435 0.010060565 0.44585029 -0.33619679 0.16824989 -0.78347969 0.20354519 0.97652985 -0.49742818 -0.37990107 -0.35500772 0.064999113 -0.53151814 0.21062369 0.42341997 0.26717361 -0.88420771 0.49758383 0.46868371 0.41508069 0.18642112 0.11009466 0.5161947 0.96175674 -0.47652023 0.5390627 -0.043108549 -0.064836526 -0.76826535 -0.1423947 -0.49863248 -0.23192721 -0.54909319 -0.22445419 -0.20305518 0.048377459 -0.80737493 -0.72275907 0.18095714 -0.39871906 0.5372649 0.11263486 0.30338108 0.70534616 -0.15485541 -0.28724335 0.43585129 0.25475678 -0.093665155 0.69572898 -0.10612215 0.016386819 0.010611325 -0.46729695 0.038792695 0.69838009 0.22248416
0.015531713 -0.080883641 0.16543351 0.37488331 0.30461942 -0.16593243 0.1623908 0.23996987 -0.50359749 0.084115271 -1.0806519 0.24126685 0.33017153 0.37377306 -0.19752343 0.15452342 0.71197692 0.70688482 -0.01458635 0.069659815 0.55545557 -0.75040101 -0.16153787 0.66778523 0.48760027 0.18463189 -0.7529162 -0.024955117 -0.2949577 0.16551945 -0.40467334 -0.5128617 -1.0324326 0.61090234 -0.19988526 0.078572892 -0.0011190582 -0.53371697 -0.62953246 -0.50265756 -0.36158422 0.18330312 -0.39785883 0.87324532 0.51357552 0.40417977 -0.059829451 0.75714037 -0.10900282 -0.015630707 0.08498727 0.35091152 0.31845404 -0.23756264 -0.26649686 0.31995148 0.35761829 -0.19667556 -0.79359403 -0.10365805 0.3117629 0.90270842 -0.59897898 -0.21328563
-0.19470178 0.67790267 -0.01747075 -0.45366328 0.27934764 -0.20231926 -0.61219364 -0.44638665 0.86702098 0.19210461 0.053880028 -0.12494687 0.14607442 0.14011797 0.14608441 0.057422545 0.43439917 0.011552173 -0.48896942 -0.30621145 -0.98950935 1.0134086 0.4313773 -0.41503525 -0.14092242 -0.31843824 0.77127361 -0.70993858 0.057238029 -0.054263921 0.41341932 -0.052004614 -0.87910444 -0.12555892 -0.48608111 0.039789773 0.71708852 -0.86971262 -0.40011137 -0.27634648 -0.19081555 0.37006283 -0.086772209 0.20790136 -0.31288652 0.11496217 0.38889882 -0.36614977 0.39067906 0.026186384 0.52273012 -0.10070995 0.19062233 -0.020303116 -0.048106131 0.12946521 0.26840373 -0.62478246 0.7168168 -0.92983152 -0.34240605 -0.047134535 0.20617798 0.78808626
-0.92914574 -0.25384706 -1.0634167 0.015810987 0.13584179 0.79539787 0.06031738 0.52201256 0.29191854 -0.2176241 -0.70448037 0.13750115 -0.74605101 0.64760354 -0.081031051 0.59758871 -0.24010722 0.13442539 0.10467443 -0.022522059 -0.21632976 0.19622801 -0.46308163 -0.60471766 0.62141345 0.36358399 0.032945804 0.83257119 -0.13388276 0.66135161 0.087787042 -0.51237538 0.9240201 0.49535542 -0.060510516 0.36358563 -0.20185172 0.41457452 -1.1955393 -0.50990067 0.48962987 -0.12482777 0.10377115 -0.67339283 0.9239335 0.59526482 -0.10034261 -0.20234793 0.51480218 0.99123523 0.47688013 1.0859013 -0.46117566 -0.40969342 -0.59447056 0.22088032 0.087801775 -0.075975562 0.40462931 0.6161643 -0.7628312 -0.29848601 0.4100718 -0.23386934
-0.39910304 0.50926871 -0.64475003 -0.1507899 0.16432201 -0.28690996 0.39157783 -0.28443849 0.70430975 -0.062873149 0.33563507 0.37301198 -0.31377 -1.0267433 0.18037788 0.036144174 0.27791301 -0.11326374 -0.21521385 1.0042365 -0.73617703 0.36697524 -0.28730093 -0.16788931 -0.15855142 -0.40171714 0.28561211 0.6953218 0.23500683 0.051690998 -0.49322025 0.25841263 1.0781748 -0.19034731 -0.18799179 -0.28054457 -0.24470712 -1.3726498 0.20251769 -0.42277609 -0.80513156 0.37659497 -0.54100889 -0.16933453 0.7332212 -0.7046079 -0.76629912 0.13465309 0.57474368 -0.78717086 0.20384487 0.29049977 -1.0295802 0.39925067 0.43830294 -0.15589279 0.62617318 0.56822779 0.051558963 -0.2257227 -0.48641395 -0.018781755 0.28487946 -0.16208843
-1.0987505 0.63435695 0.095111611 -0.18981225 0.42857919 0.7623193 -1.4009558 0.21713182 -0.71332461 0.24955525 0.063963601 0.31786326 -0.24962381 -0.93662006 -0.2251841 0.20342382 0.50769616 -0.58591565 0.51353021 -0.32393614 0.18122494 -0.25494698 0.091085314 0.44593882 -0.61350704 -0.33995295 0.092481294 1.2007918 -0.43159486 1.0200669 1.0022117 -0.048655575 -0.14907626 -0.3460326 -0.034101265 -0.70335972 -0.038119509 0.74844014 -0.30554253 -0.12036215 -0.85057024 0.18703104 0.13224084 0.03185118 -0.10841353 -0.14637896 0.25095012 -0.014408301 0.15748594 0.10749141 0.56171364 0.33849705 0.096430922 0.75921102 0.21013426 0.65248134 0.3034713 -0.92095954 0.65241738 0.067588121 -0.025977385 0.14067417 -0.17249158 0.11351443
-0.29593803 0.63713613 -0.056794057 -0.19129192 -0.46246291 0.13438789 0.09355355 0.19421231 -0.51362594 -0.8005906 0.31279565 0.74232093 -0.51317681 0.79472064 0.14195553 -0.0035314523 -0.19877435 -0.69225901 0.49386426 -0.38780318 -0.38990334 0.49596315 -0.94149172 -0.76179891 -0.0090671218 0.14664221 0.24236732 -0.15089925 1.2651848 -0.11394628 -0.11539308 -0.39849333 0.061953408 0.30748062 0.60178903 -0.74464213 -0.12299767 0.22335181 0.29352877 0.0032743289 0.27121198 -0.40448195 0.77895272 0.49631405 -0.67246389 -0.53755152 -0.52346088 0.33898499 -0.64236388 -0.16551217 0.2273522 -0.033082967 0.12944376 -0.53290136 0.29742719 -0.30660595 -0.16230984 0.11886586 0.051539111 0.01199001 -0.37531341 -0.14977471 0.0010917954 -0.68754262
-0.23126648 0.19383994 -0.6387183 0.57829083 0.63480663 -0.62257529 0.67880982 -0.071790794 0.20925728 -0.24832553 0.46152241 0.20304701 -0.40707663 -0.582601 -0.73015122 0.093970888 0.28623571 0.32548284 -0.058990547 -0.57849823 -0.3410374 0.57617432 -0.24231428 0.071708815 -0.53782524 0.16829152 -0.22884228 0.52335636 0.38677885 -0.24785297 -0.063332014 -0.27555812 -0.7097166 -0.42872121 0.099108664 0.16262975 0.074273952 -0.15086653 0.4665333 0.031770952 0.35162691 -0.88688757 -1.9612001 0.14189401 -0.71238283 -0.10622585 -0.15104852 0.7937003 0.19999828 0.082929513 0.41849558 0.18424879 -0.2288385 0.53573797 -0.55487506 0.16162359 -0.7737849 0.10197193 0.096494821 0.83822748 -0.78248695 -0.30044359 0.41134121 0.16765863
0.090152526 -0.47806785 -0.29540917 0.6225205 -0.025754597 0.18767985 -0.057594164 -0.59154276 0.46690521 0.25161619 1.1528184 -0.50779069 0.41128646 -0.65577198 0.078673284 0.48825329 -1.0360676 -0.10246624 -0.28160487 -0.35097865 0.19260633 0.56034285 -0.066639358 0.10274321 0.057154377 0.00090175318 -0.54467132 0.5542223 0.14759768 0.19744075 -0.40325481 -0.2296102 -0.088067099 -0.76706235 -0.84401716 -0.30037397 0.26126038 -0.32656869 -0.5094026 -0.40734283 -0.22767121 -0.17692948 1.0827607 0.52731031 0.51238706 0.58429018 -0.49941043 -0.61118231 -0.55343515 0.66725307 -0.27359589 -0.62567809 -0.2154981 -0.11930277 0.13420664 0.12547551 -0.41409028 0.3428282 -0.31959677 -0.078138168 0.34338704 -0.3209107 -0.28467571 0.29583402
-0.42886659 -0.19239601 0.27787109 1.0270462 0.30270225 0.23631988 0.26540079 -0.53659514 0.057798369 -0.014883244 0.16079227 0.058254026 0.18984984 -0.1557336 0.029304459 -0.61391428 -0.15995364 0.69541677 0.15940417 -0.010460519 0.94806164 -0.68041749 -0.55472778 0.85635571 0.022980468 -0.12129152 -0.59960216 0.22384813 0.27222993 -0.54724718 -0.070137793 -0.16775792 0.12798857 -0.55962512 0.62597373 0.45791189 -0.18158778 -0.10820936 -0.068211075 -0.38915428 -0.22171471 -0.13513518 0.80643419 0.47330915 0.46732735 0.18496281 -0.5586635 -0.020745552 0.48524423 -0.62913231 0.3182766 1.1613046 0.53090832 0.70701457 0.10916938 0.48396597 -0.35892661 0.39793191 0.32719407 0.14495559 0.65800371 -0.26939242 -0.093528758 0.047731021
-0.51480549 0.11346597 -0.85946521 0.52347727 0.023318683 -0.26044645 -0.41718681 -0.11728951 0.34412986 0.27386949 -0.35276897 -0.42301984 0.32844935 -0.3611737 0.029954887 0.061877321 0.15603107 0.42913522 -0.63148147 -0.95557966 -0.28372364 0.9007642 1.0110871 0.91558857 -0.096490684 -0.89105754 -1.1715196 -0.30701908 -0.099036815 0.6503127 0.43390273 0.11370254 -0.44492239 -0.48038978 0.12706384 0.34852549 0.19594063 -0.51729898 0.32533381 0.21295548 -0.5353332 -0.39216049 0.34424799 -0.11725377 0.79457365 0.25056464 -0.24331559 -0.0051028002 0.031691696 -0.36419516 -0.4562941 0.35069495 0.42263665 0.30189073 0.75765905 -0.27088662 0.83713538 -0.45046056 -0.50634278 -0.87997944 -0.22289766 -0.25186117 0.26296864 0.12194547
-0.59648669 -0.19636312 -0.18573101 -0.88799112 -0.49047336 -0.38540682 0.71681251 0.095725358 0.33108438 -0.74931775 0.59710724 0.65055103 -0.99917248 -0.35265836 0.24788279 0.32219423 -0.33924737 -0.15274973 -0.29869053 0.055209023 0.59858927 -0.38552108 0.50041025 -0.39083604 -0.42381361 0.40929731 0.46096819 0.42570497 -0.6578987 -0.23297549 0.4114943 0.02077092 -0.53684642 0.22915897 -0.35740363 0.89726242 0.77242073 0.30204871 0.68050335 0.032395675 0.38271875 0.73886015 0.12274934 -0.12759359 -0.85231098 -0.041566763 0.41171159 0.47281671 0.25218253 -0.27064955 -0.98841078 -0.24760755 -0.15217244 -0.15646448 0.30927818 0.99283821 0.061764601 -0.10836589 -0.12961091 0.062192383 -0.41414688 0.060099279 0.22540617 0.10484303
0.22877097 0.2168738 -0.88594834 0.31843508 -0.33550742 -0.54791958 -0.55222591 0.21677081 -0.11128746 -0.84098439 0.23901891 -0.71980407 0.069910679 0.11924946 0.44278854 0.89084239 -0.68233816 -0.026236928 -0.13816765 0.21687484 0.10783439 -0.17627312 -0.22045109 -0.55822543 0.49393079 0.22960209 0.4588841 -0.15519807 -0.32841773 -0.53915753 0.17945879 -0.51989661 0.92433153 -0.65382129 0.13683006 0.78342735 0.29954488 0.087836856 -0.48424182 -0.69088459 0.38502505 0.75307362 -0.219425 -0.56953075 -1.2290847 -0.49038242 -0.056828421 0.79956162 0.33656685 0.1525427 -0.20005983 -0.29158286 0.7028238 0.10036927 -1.0513003 -0.33676982 -0.42910802 -0.273132 0.28145533 -0.053722441 -0.038432704 0.65673658 -0.34823054 0.93209976
-0.3356538 0.044599098 -0.1406018 0.061709567 0.222296 0.21691762 -0.37655867 -0.56145734 1.2515859 -0.24199217 0.34960622 -0.80382066 -0.13980636 -0.063599692 0.23640753 -1.3612271 0.083070307 -0.57487073 0.16217286 -0.5181646 -0.42774135 -0.13681381 -0.52616473 -0.23776722 -0.59668788 -0.91658523 0.50897853 -0.64802435 -0.089340444 0.37644554 -0.30747205 -0.41258295 0.11311904 0.55896691 -0.58465763 -0.075073916 -0.8662473 -0.1966005 0.017102342 -0.42731232 -0.22849592 -0.70411338 0.038539306 0.52784712 -0.54857193 -0.31133588 0.25127312 0.60604536 -0.74659491 -0.084392369 0.14156541 -0.051028195 -1.238396 0.250545 0.75966818 0.058330876 -0.51555303 -0.25656362 0.88495653 0.45498127 0.32001331 0.17820629 -0.33056856 -0.10028559
-0.038961368 0.27478716 0.75445945 0.55916907 -0.70969218 0.11199748 0.36838167 0.30943017 -0.31461688 1.4570546 -0.63854228 -0.54159422 0.11679754 1.0584015 -0.41809743 -0.13291418 0.53864684 -0.0089310774 -0.16730193 0.28281645 0.136259 0.51521939 0.64573444 0.15350153 0.14586636 0.10705549 0.24456528 0.027585319 -0.00030424116 0.59831356 0.75805809 -0.75377647 0.0050105759 -0.34434722 -0.15548573 0.2012581 0.33471919 -0.056063222 -0.95667017 -0.48252279 0.44824984 -1.3702132 0.59371358 0.260615 0.65808804 -0.099284593 -1.0307027 0.21518132 0.63732656 0.4623609 -0.33134574 0.043380538 -0.26641813 -0.40963323 0.47769429 -0.59876616 -0.44690822 -0.55201282 -0.74512376 0.073207146 0.58075152 -0.092438378 -0.7528739 0.41997227
0.84285088 -0.32312116 -0.23927713 0.25783032 0.81093687 -0.25991707 -0.66622489 0.3157093 0.39953404 0.0030657252 -0.27906663 0.49718937 0.264018 -0.38421776 0.024547366 -0.67585377 0.34294523 -0.13111678 -0.21785542 -0.016437243 0.02015385 0.44746503 0.29554527 -0.078204639 0.38183407 0.20036863 -0.21329982 -0.062359079 -0.074111444 0.25263067 -0.18351131 -0.19520459 0.98437865 0.46986774 -0.38030033 0.2854705 0.059175033 0.19577559 0.068670662 0.59482132 0.17281017 -0.031044349 0.52109529 0.11664252 0.06073929 0.1570113 -0.046804512 0.0046134965 -0.29334729 -0.37558361 -0.49928519 -0.69599164 -0.43985868 -0.087133517 0.051558791 -0.13564828 -1.1778517 0.78729318 0.54324006 0.22287993 0.95374534 -0.48868206 0.94381256 -0.48260704
0.11936896 -0.63691866 0.0073470478 0.19308325 -0.077345166 0.35693872 0.049507225 -0.26120736 -0.28340666 0.40545689 -0.32687101 0.45770149 0.6113559 -0.83435693 0.56646319 1.0302113 0.12600188 0.29954209 0.51850266 -0.13774116 0.091140112 -0.65709976 0.069317514 0.249056 0.25808151 0.53271236 -0.38740109 -0.26630338 0.94775367 -0.075164187 0.10001689 -0.033505021 -0.41084041 0.81176461 -0.26385071 -0.56364276 -0.22537014 -1.000853 -0.32564373 -0.4840643 0.30871432 -0.33670712 0.44390197 0.699242 0.39058767 -0.10769414 0.070557248 -0.76249247 -0.066889686 -0.43021923 0.34716319 1.2863762 0.24991082 -0.99557007 -0.1806151 0.061245463 0.043678713 -0.36540656 0.12264587 -0.62125042 -0.47245436 0.32289882 -0.50783162 0.2691058
-0.68473189 0.88241294 -0.38713496 -0.11183329 0.16530663 -0.28267498 0.071702981 0.28767836 0.48030662 0.39574872 -0.085905232 -0.073315887 1.1745543 0.47494453 -0.46091183 0.049994082 -0.16757157 -0.067667117 -0.61474758 -0.20596162 0.90577789 0.28953815 -1.2455807 0.60836175 0.54481476 -0.17964265 0.35863177 -0.42969961 -0.23512786 0.74927318 -0.13586502 -0.93486583 -0.031651611 -0.039294196 0.59918428 0.0071682111 -0.21079116 0.52252807 0.060395116 -0.37501134 0.57749878 0.096830882 0.0014629833 0.088954196 -0.53533419 -0.26382689 0.0017913009 -0.097331848 0.63621419 0.10870293 0.42745196 0.0046976773 0.52814424 0.19876388 0.0067102427 -0.0066415445 -0.47721931 0.25345786 -0.020102367 -0.25099598 0.55323089 -0.62510801 -0.21124795 0.51385937
0.15776147 -0.023929464 0.12550177 0.089707086 -0.75833127 -0.17463094 0.80826083 -0.32966207 -0.15915051 -0.27081038 -0.043507612 -0.29156142 0.24337075 0.098656706 0.38677381 -0.52547058 -0.17017024 -0.11286132 0.22782346 -0.3966106 0.4578269 0.5932078 -0.49443617 -0.24543645 -0.26596575 1.3161931 -0.21495005 0.83881272 -0.633316 -0.49482548 -0.34330227 -0.42284466 -0.13394937 -0.3543891 -0.4096708 0.579236 0.61189681 0.47464825 0.26199948 0.046371533 -0.24851535 -0.47657875 0.18149785 -0.5868152 -0.49696046 0.57645663 0.95032452 0.19664757 0.55322858 -0.12292416 -0.66883709 0.30608581 0.28464466 0.035834277 -0.12118773 0.48110529 -0.49286652 -0.38689029 -0.50405325 0.042486481 -0.54394651 -0.34212109 -0.35287778 -0.13030417
-0.74368722 0.043602496 0.62365183 0.067745686 0.77066057 0.66699909 0.38886752 0.037342921 0.011250194 0.38189989 -0.1958353 -0.94126038 0.24600203 -0.56553431 -0.48107061 0.000111974 -0.047562439 -0.7060378 0.082745782 0.48306983 -0.56417079 0.63624167 -0.78008541 1.0586621 -0.20563022 0.072808498 -0.94601679 -0.031068033 0.11424109 -0.043081052 -0.28154054 -0.47328226 0.56526331 0.015403567 0.77037619 -0.26324118 -0.21739735 0.40779712 -0.81148748 -0.60673168 0.54874249 -0.58596696 -0.90952551 0.93426359 -0.69690882 0.092059699 0.034542596 -1.4053142 -0.13365851 0.22420662 0.17715469 0.45176034 -0.19374566 0.35625222 -0.34466453 -0.70523371 -0.64886419 -0.73105523 0.50479298 -0.75728675 0.13701942 -0.1329621 -0.051324287 0.68180365
-0.21921368 0.30580078 0.018781676 -0.076009453 1.1499846 -0.72067087 0.64456592 0.32820328 -0.2397625 0.81465926 -0.92405506 -0.26088333 -0.6042411 0.20604173 -0.55653205 0.21653197 -0.093218208 -0.23967697 0.19432362 -0.13431081 -0.54431742 1.4006865 -0.24358359 -1.1088045 -0.42104934 -0.63363834 0.41307281 0.16082633 0.1993564 -0.18501123 -0.13967512 -0.18546555 -0.040596592 0.41766672 0.16803771 0.25005641 0.24977945 0.44222122 0.14407502 0.17942404 0.59440312 -0.33252296 -0.42787129 -0.5929608 0.091457282 -0.92686612 0.23107705 -0.054596547 0.56731985 -0.33595866 -0.10165914 0.56110167 0.69156782 -0.34007618 0.090890616 0.14720949 0.1868267 -0.13128783 0.6406917 -0.94485174 -0.21056512 0.22396537 0.22861241 0.67637952
0.5991127 -0.14277081 0.64993562 -0.35702087 0.46544369 0.90526124 0.60747205 0.052885192 -0.16588939 -0.76429565 0.15526982 -0.55760861 -0.39656733 -0.5953729 -0.23019617 -0.013984707 0.13680729 -0.30025332 0.53464185 -0.10410263 -0.39386122 0.11314613 0.98177642 0.16758028 -0.18142781 -0.76373068 -0.10970616 0.11746406 -0.19379045 -0.83269232 -0.42528269 0.72726923 0.7170005 -0.44331958 0.33637839 -0.58928639 0.70215814 0.12261792 0.47482075 -0.85754667 0.33881855 -0.0038370318 0.42596454 0.4574339 0.032892345 -0.30041482 0.38984809 -0.03007725 -0.43639248 -0.46007612 -0.73858221 -0.25514558 0.55134602 0.0889149 -0.26488385 0.40242797 -0.41623831 0.047675137 -0.089815186 0.38956531 -0.78861419 -0.42509887 -0.81912283 -0.12979836
0.60571375 -0.2527236 -0.25534197 0.43586221 0.53427478 -0.044285534 0.34235743 -0.53847727 0.68898717 1.0743531 0.2606079 -1.0421658 -0.27911513 0.30641266 -0.2107415 0.63609928 0.29407863 -0.35323775 0.016132405 -0.44691661 -0.091292439 -0.27729662 0.5873809 1.058006 -0.71559417 -0.96160814 -0.12258621 -0.75920785 0.023105802 0.37446806 0.74707095 0.10069728 -0.096577612 -0.98919246 0.013092575 0.03564363 0.31947841 -0.35424405 -0.2175263 -0.73900113 -1.1456464 -0.55424855 -0.78516291 0.16835615 -0.25906703 -0.26911857 -0.49220652 -1.6162827 0.75415537 -0.50013526 -0.20621003 -0.72744608 0.48596517 0.071714469 -0.41318264 -0.19611481 0.83908996 -0.036484716 -0.090866769 -0.47069074 -0.94729058 -0.080019337 0.16274256 0.54979223
-1.1242483 -0.56254816 -0.29037055 -0.0017404243 -0.072516846 -0.060844343 0.20404803 -0.45164656 0.46707072 0.21672622 -0.15991613 0.800454 0.77820802 0.46644768 -1.5092784 0.78947255 0.39737926 1.0032043 0.6187323 0.78917134 0.43932743 0.6743466 0.99706187 0.10827737 -0.78611527 -0.15373045 0.1949728 0.037443792 -0.62328098 -0.81553381 -0.37058133 0.40386978 0.79016989 0.45828381 0.52871364 -0.040407787 -0.87104123 -0.22761029 -0.12938221 -0.24852624 0.027347433 0.22070988 0.42650759 -0.13905993 -0.9518797 -0.24143886 0.021855198 0.61140396 -0.28390392 0.25627181 0.14504395 0.021950267 0.46526666 -0.3304206 -0.28759322 -0.0059504115 -0.32007325 0.25400615 -0.35659615 0.1131521 -0.050086384 0.10746298 -0.2298707 -0.16954415
0.048004634 0.10103725 -0.0021009577 0.85268118 -0.49536846 -0.032101897 -0.78681451 0.18604074 -0.55762327 -0.13915513 -0.18603216 0.14044556 -0.27639546 -0.29765285 0.71792823 0.1422834 -0.28052543 -0.12541684 0.82267748 -0.11758244 -0.34463831 -0.34249808 -0.27456324 -0.29724886 -0.63982392 -0.56210005 -0.41466019 0.29578551 -0.19061864 -0.10358084 0.63504401 0.64750357 -0.14106247 -0.31543176 -0.43221516 0.34638788 -0.10235362 -0.19324745 -0.40683229 -0.3848332 0.1600291 -0.65771913 0.49743435 -0.26692232 -0.074817972 -0.66848898 -0.0061829691 -0.16416047 -0.025040299 0.73585445 0.088849023 -0.39732959 -0.35565996 0.29756559 0.64934665 0.14095901 0.34435637 0.30486886 0.70953221 -0.97479509 0.33360947 0.49186802 -0.66936185 -0.44283409
-0.42539137 -0.3643951 -0.24085853 0.12130141 0.43283733 0.54065848 -0.41891153 -0.4223515 0.65791092 0.32337197 0.041432421 0.23666834 -0.014901891 0.26229234 -0.16803335 0.13440247 -0.75527303 -0.34389215 -0.33850559 -0.18719502 -0.46325663 -0.26677181 -0.75720703 0.27435024 -0.041256759 -0.8526038 -0.41741496 0.16830071 -0.27151097 -0.34847073 -0.037296339 0.17179877 -0.71817623 0.27506424 -0.40014664 -0.0089639841 -0.01771007 -0.26353306 -0.51182987 -0.14284327 0.81266515 -0.68083752 0.84615651 -0.12986059 0.017685709 -0.54335541 -0.38563471 -0.25145483 -0.52284749 -0.10445898 -0.20350795 0.92539057 -0.58298709 0.051345258 0.12392314 -0.53516027 0.34341375 -0.19916351 -1.2461948 0.32992481 -0.55847044 -0.52388747 0.34395104 -0.17358074
0.45888608 0.60508305 -0.32246423 0.39663125 -0.3777304 1.116558 -0.3464785 0.51304372 0.42189501 0.15804391 -0.33527158 -0.075698746 -1.0767941 0.11221002 0.17480767 0.06674971 -1.4866531 -0.63281822 -0.37404549 0.14582947 0.14466945 -0.085111896 0.31762277 -0.51312119 0.3051175 0.23737105 0.18877737 -0.091020216 0.91537191 0.24659784 -0.48416793 0.12415274 0.37624169 -0.2940543 0.54463612 0.19101685 -1.1712392 0.14983599 -0.20301458 0.26858991 0.47210742 0.097581024 0.83262612 -0.089353442 0.31240891 0.40247129 -0.048672984 0.38938715 -0.29733649 -0.21128421 -0.65624435 0.12070456 0.16262584 0.58963158 0.39557 -0.14239778 -0.58908984 0.2164252 0.55537659 0.37759249 0.54223876 -0.10594477 -0.23330948 -0.36845068
-0.027948233 -0.039295398 0.10333881 -0.064648729 -0.066813865 -0.38834703 0.47080951 0.038259031 -0.087221967 -0.37371463 -0.66595656 0.6539821 0.27731935 -0.81195892 0.38157115 0.46124059 0.062188061 0.79905545 0.10835982 -0.70841176 0.1825845 0.12244865 -0.30164842 0.28677942 -0.83383263 0.49528341 -0.43906085 -0.49247306 -0.056912386 0.21648646 0.081962032 -0.37132958 -0.25304465 -0.56652117 -0.11233995 0.53751061 -0.0021314688 0.42970713 0.72770067 -0.29400926 -0.093286627 1.0855964 0.72217171 -0.83620226 0.19357416 0.00027999617 0.41322656 -0.37248938 -0.41980419 -0.33803536 -0.28596427 0.40766208 -0.59060059 -0.31130695 -0.8945062 0.50355891 0.63551505 -0.16353672 -0.14897468 0.22661095 0.737241 0.20430537 -0.34877097 -0.80941129
-0.55756313 0.036609725 -0.32766376 0.097483853 -0.27646201 -0.52907322 -0.58851582 0.78117725 0.44449387 0.86525898 0.26997545 -0.2149957 0.66167046 -0.016534001 0.11042089 -0.02141219 -1.4734521 0.80236751 0.24550197 0.16491153 -0.030888031 0.08171391 -0.29863947 0.30828968 -0.65354917 0.093034216 0.28078674 -0.099334567 0.1854339 -0.4956672 -0.48291339 0.11835856 0.33927483 -0.93743283 0.26101032 -0.27160075 -0.096403044 -0.66975896 -0.42580862 0.48306266 0.016431687 -0.1913892 -0.058244176 0.24460591 0.22024725 -0.0375135 0.54647956 0.48523132 0.20668601 0.027305891 0.32866055 0.15713371 0.53040004 0.44978069 -0.50912695 -0.54298159 -0.35062477 0.48806935 -0.7881545 0.19737869 0.18127155 0.58132403 0.090169345 -0.6716047
-0.47967748 -0.59099776 -0.26897198 -0.091450784 -0.58272076 0.735331 -0.66264069 0.67305171 0.59258152 0.44915127 -0.3468833 0.17122544 -0.63868557 0.45545352 -0.036992391 -0.20466011 -0.61187242 -1.2387531 -0.51927043 0.5563991 -0.20141671 -0.084664429 0.32777718 0.90283444 0.66250233 -0.4861675 -0.97128529 1.1798071 1.1344958 0.094226798 -0.63524412 0.48161327 -0.053991843 -0.056490562 0.44722942 0.16718737 -0.59290746 -0.16237097 0.33057646 0.25512611 0.13100829 0.46671148 -0.18085849 0.089334888 -1.6877896 -0.2248251 0.38195145 -0.19519723 -0.2331137 -0.52072648 0.50168295 0.27423164 0.4127073 -0.86310698 -0.080225022 -0.1400555 -0.14028585 -0.30801377 -0.17305214 0.42482239 -0.95642568 0.88864738 0.24192056 -0.021165948
0.45341707 -0.72591737 -0.33235045 -0.060537716 0.68278019 -0.023248291 0.22502734 -0.2947895 0.24342103 0.8386198 0.49776335 -0.040727994 0.33774542 0.28875848 0.25329384 0.55597668 0.55223885 -0.063579298 0.32093953 -0.19154746 -0.4615362 -0.13474688 -0.038139076 -0.83079049 0.43016628 -1.3836627 1.3574085 0.75093957 -0.13050436 0.0047131803 0.15148594 -0.29458019 0.096309574 -0.071999989 -0.047136359 0.090730532 -0.6567639 0.019784862 0.081723873 0.064424811 -0.10791538 0.56892889 -0.17682628 0.11366295 0.64864877 -0.03968807 0.10723163 -0.048192318 0.6186849 -0.12886228 0.64167729 -0.051793947 -0.42972986 0.33968659 -0.15233392 0.31025045 -1.3647022 0.0026026309 -0.22980265 -0.53162934 -0.2766205 -0.28685157 -0.023992897 -0.68366323
0.15813689 0.68310739 0.14046425 0.4044943 0.54728123 0.61824476 0.93506935 -0.249601 -0.35924199 0.39173282 0.35413311 0.38783765 0.94464123 0.0056849544 0.21307828 -0.49019413 1.0676606 -0.16827246 -0.15410796 -0.17337495 -0.32244793 -0.36471852 -0.26185214 -0.68289796 -0.39265896 0.97448156 0.36782757 0.46295209 0.58860439 0.91706728 -0.88571128 -0.61494156 -0.40186183 -0.2348649 -0.1502847 -0.22348878 0.10965446 0.017647695 -0.3614174 -1.0877744 -0.49643435 -0.27461933 -0.12353972 -0.56483373 -0.24540323 -0.56549369 -0.062909676 -0.53654566 -0.42445233 -0.65434207 -0.076750348 -0.43322388 0.45339213 0.20292513 -0.034925934 -0.39874275 0.19026015 0.34535044 0.071344206 0.80185093 0.22981866 0.45680361 0.066782708 0.33783223
-0.39839062 -0.22919918 0.17468178 0.17104974 0.25380591 0.55019645 -0.71248559 -0.48722627 0.11478632 -0.36218182 1.6888841 0.25785981 -0.039165424 -0.25773464 -0.24008114 0.015070331 0.055990966 -0.22834957 -0.13657612 0.67214229 0.69225248 0.12601699 -0.67062986 0.26925158 0.77714122 0.68489055 0.36721293 0.71121148 0.026692136 0.31405148 -0.34038778 0.14613273 0.66476712 -0.29471171 -0.43072171 0.04874447 -0.1133311 0.32457386 -0.22662976 0.85921981 -0.64483805 0.62686739 -0.38242461 -0.89799137 0.11893758 -0.12730399 -0.55480468 -0.84068845 -0.0041803936 0.48791845 0.29247675 0.028353324 0.23942379 -0.013607066 -0.71486212 -0.71044699 -0.10158426 -0.080326643 0.42549134 0.37865211 0.30256651 -0.14014136 -0.69032609 0.20603557
0.26258466 -1.1942657 -0.41716909 -0.34552719 0.059175101 -0.40168022 -0.019067284 -0.10526747 -0.079574736 -0.35819715 -0.31949253 -0.54013353 0.19003372 0.28555131 -0.38530898 0.76032005 -0.15730072 0.76509281 -0.32106359 -1.0132889 0.20109891 0.12427255 0.017196898 -0.32111624 -0.017286113 -0.25562973 -0.15117478 0.42081613 0.092108615 0.30497569 -0.11593425 -0.17100867 -0.57674127 -0.18501831 -1.6605573 -0.29511098 -0.040937089 0.28183683 -0.13433894 0.17383677 -1.0898943 -0.028418426 -0.8397514 -0.60415176 -0.093582774 0.63813199 0.18560338 0.0091154986 -0.0097651947 -0.35681445 -0.27199171 0.21368802 -0.69268026 0.29652703 -0.19425353 0.41277854 0.48054673 -0.83654201 -0.29079038 -0.42776384 -0.90636398 -0.51626664 1.2206279 0.30475495
0.95864398 0.41454922 -0.37092158 -0.1908856 0.29421809 0.2187531 -0.28867101 -0.75499659 1.6438806 -0.070574836 -0.16286945 0.056667232 -0.12136429 0.061364454 0.64347364 -0.06227424 -0.58135522 -0.080821897 -0.23220089 0.71194947 0.58555953 0.0537625 -0.63936793 -0.61294613 0.0075616308 0.16816148 -0.18731141 -0.24008479 -0.29639962 -0.01169698 -1.1913812 -0.55066331 -0.31352542 0.6037516 -0.40690682 0.090234071 0.11327138 0.64895825 0.6312887 -0.028751484 -0.23774237 -0.33191655 -0.12053161 -0.21701668 0.2768137 0.21015491 0.2959006 0.62964186 0.93143456 0.062331697 0.54973189 -0.17583009 0.59250349 0.53075458 0.50420798 0.047034921 -0.33417908 -0.69726422 -0.020018604 0.76650627 -0.15492245 0.39256329 0.4219757 -0.14184311
0.65817242 -1.4543304 -0.61137514 -0.45781615 -0.40985751 0.16813148 0.1450189 0.19699529 0.29804075 -0.47505228 -0.60908803 0.19815984 -0.31511604 -0.78523752 0.48567214 0.69755095 0.77858044 0.093503861 0.31296605 0.68493411 -0.3207079 0.55533884 0.13769812 0.45685583 0.09304651 0.64812835 0.11176188 -0.74198953 0.72596332 -0.47376537 0.62652911 -0.045121441 0.58800549 0.56738431 0.21507149 0.25426766 0.21131431 -1.0069124 0.059165109 -0.55803209 0.085593572 -0.57147127 -0.59247597 0.80246725 0.53472369 -0.0020712925 0.092384325 -0.12395801 0.28493819 -0.33802718 0.49687013 -0.12654342 -0.2099235 0.010856509 -0.29557341 0.16434117 -0.26868129 0.2342618 0.60800327 -0.35966084 -0.065287729 0.23066536 -0.21792868 0.23216028
0.27769943 0.54163089 -0.30299502 -0.47138762 -0.15378869 -0.48387617 0.2822491 -0.58087565 1.1665082 0.64796393 0.0062878848 0.43369725 -0.81840093 1.2616867 -0.29510731 -0.060248707 -0.92796664 0.24314365 -0.55317208 0.050827881 -0.27213722 -0.53887197 -0.40218075 0.11289402 -0.64074549 -0.37440584 0.33163669 1.3012399 0.23879441 -0.45863082 -0.18355709 0.015794503 -0.17471248 0.45152908 0.10873674 0.45392619 -0.1572219 0.66275011 -0.083242792 -0.48559493 1.0886602 -0.91248887 -0.36936936 -0.31351393 1.2541531 0.90342944 0.74696407 -0.16532933 1.213089 0.184176 0.48863169 0.089847691 -0.024733286 -0.12588934 -0.10482 0.30424582 0.1835999 -0.015735685 0.754762 -1.4833765 0.25494362 0.35886935 0.57348143 -0.032435721
0.10396003 0.49297419 0.7455832 -0.15026799 0.13348789 0.83928698 -1.0620135 -0.3450063 0.73291799 0.54626892 0.26122261 -0.22429844 -0.44090925 -0.29560781 0.77400411 -0.31422134 0.050711482 -0.37685382 0.42138702 -0.26936314 -0.048796945 -0.84169107 -0.80668412 0.0038365967 -0.66257858 1.0525433 -1.0307616 -0.40008765 0.0083504336 -0.18256647 -0.55207273 -0.47896392 -0.49532704 -0.14336085 0.97596454 0.038968648 0.59145024 0.25348817 0.5569312 -1.3999822 -0.15222901 0.65356771 -0.28586791 0.88123658 0.74194508 -0.23456536 -0.25158176 -0.50680292 -0.31479712 -0.61629453 0.21440559 -0.72802325 0.30186651 0.31403935 -0.8306022 0.7749093 0.25680465 0.37484901 -0.3793326 0.31118956 0.56319672 -0.0493042 1.0009612 0.022032317
0.5703929 0.1465044 0.29276077 -0.83566613 0.18552687 -0.36748755 -0.42319915 0.87205159 -0.10688512 -0.50165092 -0.17956581 -0.65022511 0.71694223 -0.34784037 0.26464997 0.67805336 -0.25007634 0.26601122 -0.51504303 1.2228848 0.46819007 -0.096303219 -0.38641687 -0.056998276 -0.16999186 0.97647228 -0.61276736 0.067400712 -0.0091690333 -0.05870515 -0.054308327 -0.058035405 0.43653303 0.30449222 0.20945581 -1.5169947 0.14989744 -0.82781968 0.32316008 0.73724868 -0.46311956 -0.13089036 -0.29967785 0.61771589 0.047513943 0.86416469 0.2068771 0.12122509 0.034103391 0.40899605 -0.8688431 0.042671978 -0.035023222 0.36270941 -0.093850803 -0.51936722 0.0036753375 -0.54142026 -0.96263111 0.36356124 0.28953079 0.23354547 0.65146421 -0.33251595
-0.71555707 -0.035014888 -0.17375015 -0.42114786 -0.039924577 -0.30580257 -0.91800264 -0.22058835 -0.56818758 0.11582404 -0.32801738 0.55581574 0.80193303 0.33969069 -0.77551309 0.752598 0.78786023 0.0093952557 0.66146308 -0.27583757 -0.93312297 -0.38014222 0.86465043 -0.74553996 -0.00023935903 0.017071947 -0.25648712 -0.2217608 0.036124567 -0.28108117 -0.71102925 0.10751597 0.53668329 0.43478626 -0.40486773 -0.62561396 -0.14209394 0.78389575 0.32279904 0.35198234 0.44492848 0.21038328 0.060304274 0.33115345 -0.27308305 -0.70723151 0.36149847 0.61886905 -0.55911597 0.41096074 0.84038286 -0.0011231009 -0.40900109 0.061509337 -0.27526698 -0.30836505 0.21659203 -0.80186474 -0.72196446 0.0096454402 -0.011154269 0.17177729 0.93761269 0.052257018
0.29908608 -0.48776647 0.38396883 -0.26319543 0.035710416 -0.054424313 0.51648712 -0.65498828 -1.1416193 -0.10671635 0.23426563 0.076134688 0.61610212 0.21868634 -0.28192417 -1.1627101 -0.11865612 0.5139795 -0.19602389 0.014160132 0.21068013 -0.50764619 0.31161795 0.8185609 -0.086406676 -0.56453221 -0.033300514 -1.1121921 0.16845163 0.22613719 0.83781815 -0.096997396 0.20424267 -0.43064405 -0.17821356 -0.76259272 -0.097394811 -0.15265458 0.14959988 -0.31179844 0.041672675 -0.16669003 -0.16574969 0.040181163 0.020261471 0.38058702 -0.060321517 -0.17494267 -0.090403723 -0.35733206 -0.17995555 1.0155794 -0.45633938 -0.13932817 -0.19374433 -0.12358581 -0.16561965 0.13962005 -0.85508755 0.51858574 0.3162914 -0.62143579 -1.1345386 -0.48853607
-0.12133323 1.2901459 0.27162848 -0.90379482 -0.34482775 -0.026606218 0.12684178 -0.65737443 -0.067495114 -0.35881957 -0.55187928 0.12979782 0.38693859 0.42052064 0.28719318 -0.24868477 0.35727488 0.15452722 0.066970941 -0.30584656 -0.24843806 0.036943468 1.2199372 0.15062124 -0.30559425 -0.41619472 -0.24588331 1.0886467 -0.19962832 0.45343527 -0.18796412 0.13059227 0.39587264 -0.28595142 -0.32055583 0.82943485 0.49229645 0.39533616 0.39363815 0.22978774 1.0088879 0.021954151 0.28863118 -0.72545646 -0.41248034 -0.6004095 0.63703179 -1.2762701 -0.20115501 -1.4968533 -0.41564395 -0.24547447 0.69243555 0.19831397 -0.41657076 0.53298186 0.0089161273 0.018783429 -0.60133575 -0.49500686 -0.41254865 0.023230637 0.038942863 0.77204633
0.19252758 -1.3537828 0.13132099 -0.72500818 -0.48298546 -0.40608474 -0.33166916 -0.6875747 0.101741 -0.70540114 0.1783338 1.1184855 -0.66467953 -0.14225515 -1.2617287 -0.15046765 0.32135858 0.36031962 0.038681865 0.44463171 1.2730273 0.85615234 -0.26126046 -0.72555199 -0.20307571 -0.47349138 0.22567377 -0.59059677 -0.036411216 0.41900703 -0.050347936 -0.47315691 0.58740703 -0.93949047 -0.16389753 -0.020830012 0.0079543292 0.090248028 0.30521991 -0.01770372 -0.18402914 -0.20379467 -0.3057579 0.39377166 -0.32326424 0.42338555 0.0094995411 -0.2606274 0.30920361 -0.36372696 0.31909202 0.10636306 -0.29816234 0.26431741 0.27329486 0.5787598 0.48307351 0.24563701 -0.56379548 1.2242935 -0.70180811 0.47463159 0.21564191 -0.58707119
-0.062150469 -0.039376443 0.65279136 -0.35665545 -0.1309725 -1.1680348 0.8673814 -0.53523412 0.16345543 -0.050703915 -0.049000483 0.40493099 0.83563123 0.12574683 0.32753901 0.16444577 0.50876571 -0.23145819 0.53769528 0.55524993 0.5412685 -0.33007393 -0.084168817 0.11973349 -0.68542102 0.7974601 -0.0061382668 0.14196394 -0.28850222 -0.66343878 -0.30201494 0.10960209 0.33671441 0.08089577 0.17336201 -0.16851319 0.24812428 0.74141643 0.35239472 0.40477094 0.1470082 -0.75157753 -0.52233327 0.2274379 -0.005469526 0.21992144 0.83821171 0.363018 0.6294431 0.047340695 -0.40360784 -0.02893308 -0.40237591 0.77914748 0.39519554 0.26025625 0.6179716 -1.0100282 0.29406898 -0.65532289 -0.0036278492 -0.1558538 0.33086831 0.11409364
0.67255859 -0.30094858 0.35455719 0.081111608 -0.81764514 -0.45930823 -0.074939017 0.55614622 0.23186153 -0.58375041 -0.070158114 1.0089032 0.055611667 -0.16366279 0.24586982 0.38169654 -0.22808417 0.25128739 -0.16444475 0.3596638 0.084846579 0.24098391 -0.37959177 -0.41064319 0.47274865 -0.039698191 0.14251737 -0.15319771 0.44936339 -0.30390499 -0.06780062 0.39299641 0.58648385 -0.26187965 0.97984199 0.15662085 -0.52146413 0.18452602 -0.19149961 0.21703424 -0.021428124 0.037136845 -0.45579669 0.49503062 -0.57806368 -0.55438245 0.18368017 0.80142212 -0.17629655 0.35048616 0.53667009 0.40734222 -0.15560414 -0.54552336 -1.1037738 -0.13142025 0.58904368 -0.56208299 0.35010492 -0.47507627 0.053036288 0.35389581 -0.32974772 0.08524234
-0.20754567 0.35257433 0.11765858 0.028253837 0.77917498 0.33115307 -0.34517593 -0.04293195 -0.037949393 0.040159786 1.2622546 0.18542595 -1.0179513 -0.27139949 -0.96618604 -0.16489913 -0.99365511 -0.43579524 -0.76036076 0.19208009 0.00026968131 0.15148115 -0.052275694 -0.69714888 0.25676068 0.96111228 0.20460629 -0.2129623 -0.71403359 -0.45403349 0.22651983 0.53655901 0.13043309 0.39994364 0.35383912 0.2532672 -0.3292368 0.086961756 -0.4241889 0.0087144765 0.16543177 0.8393919 -0.65486599 0.24075382 0.7406183 0.37942388 0.41647272 0.29384745 0.64916724 -0.54373908 -0.69296333 -0.0031670702 -1.0805811 0.6153229 0.6103576 -0.21667528 -0.1853853 -0.036173738 0.026010325 0.06358696 0.27911605 -0.086313177 0.47159665 0.22297389
-0.30348172 0.66755633 -0.67912849 -0.046082905 0.4834587 -0.36153655 0.15477782 0.2716698 -0.43026193 -0.03623886 -0.078251915 -0.27586893 1.1508374 -0.38155318 0.50246515 -0.19640051 -0.54331809 0.051407122 0.32454669 0.46025479 0.78113256 1.4726231 0.1252571 -0.33154609 0.22643716 -0.13310648 0.46298306 -0.64858215 1.1841673 0.42802405 -0.84200201 -0.35451445 0.40804052 0.58817203 -0.63611881 0.35651293 -0.97366994 -0.044667933 0.55602342 -0.27575787 -0.75346115 0.073107398 -0.30235943 0.31477918 -0.44266322 -0.38631844 -1.0105012 0.084972356 -0.080452469 -0.59419234 0.096899357 0.51353515 -0.10778397 0.13408347 0.13665562 -0.60216491 1.0282929 -0.23542492 0.3280581 0.38460764 -0.069797564 0.30339751 0.12290961 -0.70881988
